x1,y1,r1,g1,b1,x2,y2,r2,g2,b2,x3,y3,r3,g3,b3
877,959,0,203,203,913,987,0,227,227,887,1006,64,169,169
913,987,0,227,227,877,959,0,203,203,915,953,64,192,192
1509,44,0,185,185,1510,87,0,172,172,1473,74,64,181,181
1510,87,0,172,172,1509,44,0,185,185,1545,58,64,184,184
1438,95,0,238,238,1473,74,0,181,181,1473,111,64,229,229
1473,74,0,181,181,1438,95,0,238,238,1445,52,64,217,217
1434,132,0,224,224,1395,107,0,206,206,1438,95,64,238,238
1395,107,0,206,206,1434,132,0,224,224,1398,144,64,149,149
190,1068,0,31,31,203,1011,0,40,40,220,1040,64,32,32
203,1011,0,40,40,190,1068,0,31,31,149,1050,64,39,39
800,1107,0,129,129,777,1079,0,116,116,814,1077,64,142,142
777,1079,0,116,116,800,1107,0,129,129,761,1104,64,122,122
1542,1117,0,159,159,1545,1084,0,154,154,1570,1099,64,209,209
1545,1084,0,154,154,1542,1117,0,159,159,1512,1093,64,176,176
1510,87,0,172,172,1473,111,0,229,229,1473,74,64,181,181
1473,111,0,229,229,1510,87,0,172,172,1506,123,64,160,160
1738,807,0,214,214,1773,826,0,118,118,1731,834,64,194,194
1773,826,0,118,118,1738,807,0,214,214,1765,777,64,218,218
949,1081,0,195,195,931,1050,0,203,203,966,1046,64,189,189
931,1050,0,203,203,949,1081,0,195,195,919,1080,64,217,217
984,271,0,72,72,1002,371,0,37,37,914,264,64,212,212
1002,371,0,37,37,984,271,0,72,72,1050,277,64,238,238
776,180,0,160,160,774,210,0,160,160,747,186,64,122,122
774,210,0,160,160,776,180,0,160,160,801,199,64,159,159
426,176,0,43,43,408,253,0,29,29,367,221,64,70,70
408,253,0,29,29,426,176,0,43,43,485,219,64,47,47
1777,639,0,206,206,1781,687,0,206,206,1748,668,64,90,90
1781,687,0,206,206,1777,639,0,206,206,1824,675,64,200,200
1506,123,0,160,160,1471,151,0,200,200,1473,111,64,229,229
1471,151,0,200,200,1506,123,0,160,160,1513,152,64,128,128
1812,329,0,206,206,1824,309,0,229,229,1831,333,64,226,226
1824,309,0,229,229,1812,329,0,206,206,1794,326,64,176,176
800,672,0,136,136,792,708,0,163,163,771,690,64,142,142
792,708,0,163,163,800,672,0,136,136,817,697,64,138,138
718,1038,0,121,121,744,1073,0,99,99,726,1080,64,84,84
744,1073,0,99,99,718,1038,0,121,121,755,1051,64,132,132
431,1076,0,61,61,467,1045,0,54,54,479,1083,64,72,72
467,1045,0,54,54,431,1076,0,61,61,420,1039,64,68,68
899,1105,0,210,210,919,1080,0,217,217,949,1081,64,195,195
919,1080,0,217,217,899,1105,0,210,210,893,1080,64,215,215
823,759,0,142,142,792,708,0,163,163,817,697,64,138,138
792,708,0,163,163,823,759,0,142,142,778,746,64,182,182
1252,838,0,143,143,1319,772,0,44,44,1323,825,64,149,149
1319,772,0,44,44,1252,838,0,143,143,1214,795,64,31,31
1673,1099,0,159,159,1718,1080,0,138,138,1704,1105,64,153,153
1718,1080,0,138,138,1673,1099,0,159,159,1672,863,64,146,146
1208,1112,0,184,184,1021,1051,0,77,77,1183,1069,64,138,138
1561,821,0,233,233,1601,794,0,150,150,1613,834,64,175,175
1601,794,0,150,150,1561,821,0,233,233,1560,789,64,35,35
1035,87,0,204,204,1001,110,0,221,221,981,92,64,226,226
1001,110,0,221,221,1035,87,0,204,204,1042,132,64,72,72
569,215,0,23,23,572,341,0,14,14,522,306,64,46,46
572,341,0,14,14,569,215,0,23,23,747,278,64,59,59
786,99,0,145,145,802,116,0,176,176,776,113,64,182,182
802,116,0,176,176,786,99,0,145,145,836,89,64,124,124
1662,638,0,135,135,1640,600,0,143,143,1701,592,64,69,69
1640,600,0,143,143,1662,638,0,135,135,1616,619,64,136,136
1569,515,0,90,90,1579,436,0,142,142,1621,452,64,191,191
1579,436,0,142,142,1569,515,0,90,90,1502,437,64,162,162
1816,284,0,82,82,1836,292,0,223,223,1824,309,64,229,229
1836,292,0,223,223,1816,284,0,82,82,1815,233,64,52,52
1221,550,0,212,212,1203,585,0,138,138,1191,558,64,187,187
1203,585,0,138,138,1221,550,0,212,212,1256,577,64,167,167
951,584,0,131,131,1002,371,0,37,37,1092,549,64,140,140
1002,371,0,37,37,951,584,0,131,131,880,459,64,43,43
1673,731,0,114,114,1729,735,0,129,129,1683,765,64,147,147
1729,735,0,129,129,1673,731,0,114,114,1699,689,64,122,122
419,125,0,40,40,426,176,0,43,43,384,146,64,39,39
426,176,0,43,43,419,125,0,40,40,469,138,64,40,40
135,651,0,7,7,222,663,0,8,8,146,710,64,7,7
222,663,0,8,8,135,651,0,7,7,206,586,64,9,9
776,113,0,182,182,756,118,0,165,165,786,99,64,145,145
756,118,0,165,165,776,113,0,182,182,777,132,64,192,192
1672,863,0,146,146,1595,1094,0,162,162,1494,1011,64,207,207
1595,1094,0,162,162,1672,863,0,146,146,1673,1099,64,159,159
1494,1011,0,207,207,1469,844,0,41,41,1561,821,64,233,233
1469,844,0,41,41,1494,1011,0,207,207,1436,1008,64,118,118
1390,1113,0,192,192,1391,1074,0,170,170,1421,1089,64,184,184
1391,1074,0,170,170,1390,1113,0,192,192,1362,1092,64,127,127
883,804,0,181,181,942,741,0,50,50,925,852,64,162,162
942,741,0,50,50,883,804,0,181,181,906,748,64,170,170
1215,483,0,203,203,1219,445,0,140,140,1243,461,64,173,173
1219,445,0,140,140,1215,483,0,203,203,1196,464,64,139,139
799,426,0,25,25,783,287,0,104,104,830,258,64,127,127
783,287,0,104,104,799,426,0,25,25,752,342,64,94,94
804,169,0,179,179,834,186,0,182,182,801,199,64,159,159
834,186,0,182,182,804,169,0,179,179,832,155,64,197,197
371,285,0,43,43,312,335,0,57,57,327,267,64,56,56
312,335,0,57,57,371,285,0,43,43,351,358,64,58,58
482,932,0,59,59,583,832,0,6,6,527,961,64,53,53
583,832,0,6,6,482,932,0,59,59,454,819,64,8,8
420,1039,0,68,68,460,1010,0,68,68,467,1045,64,54,54
460,1010,0,68,68,420,1039,0,68,68,417,1013,64,72,72
1684,1116,0,146,146,1704,1105,0,153,153,1722,1128,64,200,200
1704,1105,0,153,153,1684,1116,0,146,146,1673,1099,64,159,159
1329,50,0,233,233,1357,76,0,210,210,1317,85,64,229,229
1357,76,0,210,210,1329,50,0,233,233,1364,36,64,232,232
901,124,0,129,129,867,100,0,101,101,911,83,64,120,120
867,100,0,101,101,901,124,0,129,129,862,139,64,179,179
911,83,0,120,120,958,115,0,139,139,901,124,64,129,129
958,115,0,139,139,911,83,0,120,120,981,92,64,226,226
751,161,0,170,170,778,154,0,185,185,776,180,64,160,160
778,154,0,185,185,751,161,0,170,170,756,140,64,189,189
861,171,0,188,188,899,190,0,192,192,866,205,64,184,184
899,190,0,192,192,861,171,0,188,188,890,156,64,179,179
572,341,0,14,14,747,278,0,59,59,752,342,64,94,94
790,464,0,109,109,799,426,0,25,25,828,451,64,77,77
799,426,0,25,25,790,464,0,109,109,763,449,64,90,90
807,505,0,124,124,880,459,0,43,43,823,566,64,60,60
880,459,0,43,43,807,505,0,124,124,828,451,64,77,77
757,554,0,59,59,726,493,0,46,46,763,496,64,77,77
726,493,0,46,46,757,554,0,59,59,654,647,64,8,8
1752,594,0,184,184,1727,635,0,89,89,1701,592,64,69,69
1727,635,0,89,89,1752,594,0,184,184,1777,639,64,206,206
1572,623,0,77,77,1567,582,0,46,46,1599,583,64,150,150
1567,582,0,46,46,1572,623,0,77,77,1522,614,64,162,162
1750,213,0,44,44,1816,284,0,82,82,1794,326,64,176,176
1816,284,0,82,82,1750,213,0,44,44,1815,233,64,52,52
1367,768,0,129,129,1427,767,0,103,103,1408,785,64,162,162
1427,767,0,103,103,1367,768,0,129,129,1290,647,64,79,79
880,459,0,43,43,799,426,0,25,25,914,264,64,212,212
799,426,0,25,25,880,459,0,43,43,828,451,64,77,77
1166,467,0,220,220,1181,491,0,191,191,1151,498,64,209,209
1181,491,0,191,191,1166,467,0,220,220,1196,464,64,139,139
951,584,0,131,131,919,629,0,75,75,864,631,64,139,139
919,629,0,75,75,951,584,0,131,131,958,622,64,149,149
928,917,0,201,201,887,878,0,182,182,925,852,64,162,162
887,878,0,182,182,928,917,0,201,201,894,929,64,188,188
823,759,0,142,142,817,697,0,138,138,856,717,64,170,170
1509,44,0,185,185,1473,74,0,181,181,1445,52,64,217,217
1304,29,0,239,239,1579,46,0,173,173,1509,44,64,185,185
1208,1112,0,184,184,1231,1104,0,191,191,1227,1125,64,173,173
1231,1104,0,191,191,1208,1112,0,184,184,1211,1087,64,146,146
949,970,0,203,203,1010,983,0,91,91,976,1010,64,156,156
1010,983,0,91,91,949,970,0,203,203,998,931,64,73,73
1029,871,0,9,9,1144,859,0,146,146,1090,896,64,99,99
1144,859,0,146,146,1029,871,0,9,9,994,649,64,40,40
1558,109,0,157,157,1636,97,0,173,173,1641,216,64,132,132
1636,97,0,173,173,1558,109,0,157,157,1606,85,64,217,217
1545,58,0,184,184,1509,44,0,185,185,1579,46,64,173,173
1545,58,0,184,184,1579,46,0,173,173,1581,85,64,185,185
790,875,0,160,160,803,914,0,136,136,759,906,64,132,132
803,914,0,136,136,790,875,0,160,160,840,886,64,149,149
887,878,0,182,182,840,886,0,149,149,855,837,64,150,150
840,886,0,149,149,887,878,0,182,182,868,919,64,188,188
839,968,0,175,175,852,1006,0,184,184,815,999,64,133,133
852,1006,0,184,184,839,968,0,175,175,877,959,64,203,203
1296,156,0,218,218,1334,147,0,230,230,1327,185,64,191,191
1334,147,0,230,230,1296,156,0,218,218,1305,120,64,138,138
1273,274,0,37,37,1233,371,0,156,156,1189,258,64,189,189
1233,371,0,156,156,1273,274,0,37,37,1269,364,64,147,147
1023,192,0,118,118,969,189,0,147,147,990,148,64,132,132
969,189,0,147,147,1023,192,0,118,118,975,225,64,184,184
801,199,0,159,159,834,186,0,182,182,835,221,64,142,142
799,426,0,25,25,830,258,0,127,127,914,264,64,212,212
830,258,0,127,127,835,221,0,142,142,871,244,64,185,185
835,221,0,142,142,830,258,0,127,127,802,229,64,75,75
1175,164,0,214,214,1212,177,0,227,227,1181,196,64,235,235
1212,177,0,227,227,1175,164,0,214,214,1207,140,64,210,210
1042,132,0,72,72,1068,98,0,220,220,1096,126,64,188,188
1068,98,0,220,220,1042,132,0,72,72,1035,87,64,204,204
1169,131,0,201,201,1130,150,0,215,215,1131,112,64,178,178
1130,150,0,215,215,1169,131,0,201,201,1175,164,64,214,214
1395,107,0,206,206,1345,110,0,217,217,1357,76,64,210,210
1345,110,0,217,217,1395,107,0,206,206,1366,134,64,230,230
1296,156,0,218,218,1254,141,0,230,230,1305,120,64,138,138
1254,141,0,230,230,1296,156,0,218,218,1262,189,64,203,203
1317,85,0,229,229,1357,76,0,210,210,1345,110,64,217,217
344,913,0,27,27,317,956,0,23,23,285,937,64,42,42
317,956,0,23,23,344,913,0,27,27,371,956,64,35,35
317,956,0,23,23,371,956,0,35,35,348,992,64,45,45
227,346,0,73,73,192,333,0,67,67,215,318,64,68,68
192,333,0,67,67,227,346,0,73,73,191,359,64,73,73
681,1008,0,93,93,606,1040,0,69,69,615,983,64,36,36
606,1040,0,69,69,681,1008,0,93,93,677,1053,64,34,34
138,203,0,27,27,175,235,0,63,63,109,247,64,23,23
175,235,0,63,63,138,203,0,27,27,175,202,64,38,38
203,1011,0,40,40,236,973,0,41,41,243,1006,64,38,38
236,973,0,41,41,203,1011,0,40,40,179,973,64,6,6
154,368,0,69,69,137,341,0,80,80,164,343,64,76,76
137,341,0,80,80,154,368,0,69,69,115,365,64,75,75
1695,212,0,96,96,1699,164,0,154,154,1725,173,64,152,152
1699,164,0,154,154,1695,212,0,96,96,1673,192,64,58,58
1836,292,0,223,223,1803,182,0,111,111,1783,99,64,197,197
1803,182,0,111,111,1836,292,0,223,223,1815,233,64,52,52
338,236,0,71,71,367,221,0,70,70,363,253,64,67,67
367,221,0,70,70,338,236,0,71,71,341,208,64,76,76
422,306,0,32,32,494,279,0,67,67,484,319,64,57,57
494,279,0,67,67,422,306,0,32,32,408,253,64,29,29
351,358,0,58,58,422,306,0,32,32,397,381,64,49,49
422,306,0,32,32,351,358,0,58,58,371,285,64,43,43
864,631,0,139,139,890,682,0,118,118,840,665,64,118,118
890,682,0,118,118,864,631,0,139,139,919,629,64,75,75
1092,549,0,140,140,1123,586,0,124,124,1067,608,64,99,99
1123,586,0,124,124,1092,549,0,140,140,1139,546,64,212,212
994,649,0,40,40,1029,871,0,9,9,942,741,64,50,50
1273,274,0,37,37,1207,217,0,227,227,1262,189,64,203,203
1207,217,0,227,227,1273,274,0,37,37,1189,258,64,189,189
1189,258,0,189,189,1050,277,0,238,238,1113,232,64,163,163
1050,277,0,238,238,1189,258,0,189,189,1233,371,64,156,156
1181,196,0,235,235,1212,177,0,227,227,1207,217,64,227,227
738,1120,0,94,94,555,1137,0,43,43,594,1099,64,50,50
790,583,0,100,100,823,566,0,60,60,824,627,64,104,104
823,566,0,60,60,790,583,0,100,100,796,544,64,70,70
840,665,0,118,118,824,627,0,104,104,864,631,64,139,139
824,627,0,104,104,840,665,0,118,118,800,672,64,136,136
769,661,0,109,109,757,610,0,100,100,792,633,64,76,76
757,610,0,100,100,769,661,0,109,109,742,679,64,114,114
1823,799,0,239,239,1769,870,0,89,89,1773,826,64,118,118
1769,870,0,89,89,1823,799,0,239,239,1804,1082,64,167,167
1810,757,0,221,221,1807,715,0,204,204,1848,716,64,207,207
1807,715,0,204,204,1810,757,0,221,221,1776,739,64,214,214
236,973,0,41,41,285,937,0,42,42,271,977,64,42,42
285,937,0,42,42,236,973,0,41,41,220,904,64,7,7
281,1124,0,127,127,284,1092,0,104,104,306,1103,64,100,100
284,1092,0,104,104,281,1124,0,127,127,263,1106,64,99,99
191,359,0,73,73,227,346,0,73,73,222,371,64,67,67
1367,768,0,129,129,1408,785,0,162,162,1380,810,64,98,98
1108,950,0,59,59,1046,910,0,159,159,1090,896,64,99,99
1046,910,0,159,159,1108,950,0,59,59,1040,956,64,23,23
1172,631,0,80,80,1144,859,0,146,146,1067,608,64,99,99
1144,859,0,146,146,1172,631,0,80,80,1214,795,64,31,31
330,1018,0,41,41,294,1040,0,46,46,307,998,64,41,41
294,1040,0,46,46,330,1018,0,41,41,340,1042,64,68,68
594,1099,0,50,50,540,1116,0,95,95,565,1079,64,94,94
540,1116,0,95,95,594,1099,0,50,50,555,1137,64,43,43
1773,826,0,118,118,1765,777,0,218,218,1792,792,64,188,188
1699,689,0,122,122,1637,711,0,25,25,1662,638,64,135,135
1637,711,0,25,25,1699,689,0,122,122,1673,731,64,114,114
1729,735,0,129,129,1781,687,0,206,206,1776,739,64,214,214
1781,687,0,206,206,1729,735,0,129,129,1748,668,64,90,90
1631,1113,0,132,132,1673,1099,0,159,159,1684,1116,64,146,146
1673,1099,0,159,159,1631,1113,0,132,132,1595,1094,64,162,162
1721,879,0,152,152,1704,848,0,235,235,1740,860,64,214,214
1704,848,0,235,235,1721,879,0,152,152,1672,863,64,146,146
1718,1080,0,138,138,1756,1104,0,210,210,1731,1105,64,175,175
1756,1104,0,210,210,1718,1080,0,138,138,1785,1088,64,163,163
1509,44,0,185,185,1364,36,0,232,232,1304,29,64,239,239
1364,36,0,232,232,1509,44,0,185,185,1445,52,64,217,217
1364,36,0,232,232,1329,50,0,233,233,1304,29,64,239,239
1487,1063,0,154,154,1512,1093,0,176,176,1483,1100,64,187,187
1512,1093,0,176,176,1487,1063,0,154,154,1511,1068,64,154,154
1672,863,0,146,146,1494,1011,0,207,207,1613,834,64,175,175
1595,1094,0,162,162,1631,1113,0,132,132,1577,1123,64,182,182
1427,767,0,103,103,1290,647,0,79,79,1385,545,64,185,185
1427,767,0,103,103,1385,545,0,185,185,1454,548,64,184,184
1327,185,0,191,191,1273,274,0,37,37,1262,189,64,203,203
1273,274,0,37,37,1327,185,0,191,191,1366,196,64,235,235
348,992,0,45,45,307,998,0,41,41,317,956,64,23,23
307,998,0,41,41,348,992,0,45,45,330,1018,64,41,41
384,1061,0,82,82,343,1059,0,88,88,380,1036,64,82,82
343,1059,0,88,88,384,1061,0,82,82,355,1084,64,72,72
343,1059,0,88,88,303,1061,0,79,79,340,1042,64,68,68
303,1061,0,79,79,343,1059,0,88,88,310,1076,64,87,87
1511,1068,0,154,154,1487,1063,0,154,154,1494,1011,64,207,207
1487,1063,0,154,154,1483,1100,0,187,187,1455,1075,64,184,184
1408,785,0,162,162,1457,801,0,111,111,1416,832,64,172,172
1457,801,0,111,111,1408,785,0,162,162,1427,767,64,103,103
1050,277,0,238,238,1192,443,0,201,201,1002,371,64,37,37
1192,443,0,201,201,1050,277,0,238,238,1233,371,64,156,156
1181,491,0,191,191,1196,464,0,139,139,1215,483,64,203,203
1196,464,0,139,139,1192,443,0,201,201,1219,445,64,140,140
1192,443,0,201,201,1196,464,0,139,139,1166,467,64,220,220
1755,495,0,152,152,1727,541,0,122,122,1705,488,64,191,191
1727,541,0,122,122,1755,495,0,152,152,1775,547,64,166,166
1824,309,0,229,229,1794,326,0,176,176,1816,284,64,82,82
1805,354,0,235,235,1832,385,0,182,182,1787,388,64,146,146
1832,385,0,182,182,1805,354,0,235,235,1831,333,64,226,226
1697,396,0,220,220,1628,413,0,207,207,1601,317,64,82,82
1628,413,0,207,207,1697,396,0,220,220,1676,432,64,99,99
1679,536,0,94,94,1640,600,0,143,143,1599,583,64,150,150
1640,600,0,143,143,1679,536,0,94,94,1701,592,64,69,69
1313,431,0,68,68,1327,486,0,89,89,1277,471,64,147,147
1327,486,0,89,89,1313,431,0,68,68,1363,442,64,87,87
856,717,0,170,170,890,682,0,118,118,889,721,64,95,95
890,682,0,118,118,856,717,0,170,170,840,665,64,118,118
856,717,0,170,170,866,759,0,128,128,823,759,64,142,142
866,759,0,128,128,856,717,0,170,170,889,721,64,95,95
824,627,0,104,104,800,672,0,136,136,792,633,64,76,76
911,83,0,120,120,867,100,0,101,101,836,89,64,124,124
832,125,0,184,184,836,89,0,124,124,867,100,64,101,101
836,89,0,124,124,832,125,0,184,184,802,116,64,176,176
1304,29,0,239,239,911,83,0,120,120,517,70,64,45,45
911,83,0,120,120,1304,29,0,239,239,1035,87,64,204,204
830,258,0,127,127,871,244,0,185,185,914,264,64,212,212
861,171,0,188,188,866,205,0,184,184,834,186,64,182,182
1727,635,0,89,89,1777,639,0,206,206,1748,668,64,90,90
1679,536,0,94,94,1727,541,0,122,122,1701,592,64,69,69
1727,541,0,122,122,1679,536,0,94,94,1705,488,64,191,191
1796,596,0,194,194,1775,547,0,166,166,1824,558,64,194,194
1775,547,0,166,166,1796,596,0,194,194,1752,594,64,184,184
277,183,0,42,42,280,221,0,67,67,239,209,64,45,45
280,221,0,67,67,277,183,0,42,42,317,193,64,59,59
187,298,0,61,61,152,279,0,57,57,197,263,64,61,61
152,279,0,57,57,187,298,0,61,61,152,315,64,68,68
187,298,0,61,61,220,287,0,51,51,215,318,64,68,68
220,287,0,51,51,187,298,0,61,61,197,263,64,61,61
260,247,0,73,73,230,256,0,69,69,243,231,64,73,73
230,256,0,69,69,260,247,0,73,73,255,274,64,61,61
222,371,0,67,67,262,367,0,63,63,247,395,64,53,53
262,367,0,63,63,222,371,0,67,67,227,346,64,73,73
286,258,0,73,73,255,274,0,61,61,260,247,64,73,73
255,274,0,61,61,286,258,0,73,73,283,306,64,35,35
309,241,0,68,68,280,221,0,67,67,317,218,64,67,67
280,221,0,67,67,309,241,0,68,68,286,258,64,73,73
286,258,0,73,73,327,267,0,56,56,283,306,64,35,35
327,267,0,56,56,286,258,0,73,73,309,241,64,68,68
408,253,0,29,29,363,253,0,67,67,367,221,64,70,70
363,253,0,67,67,408,253,0,29,29,371,285,64,43,43
751,161,0,170,170,733,146,0,169,169,756,140,64,189,189
733,146,0,169,169,751,161,0,170,170,747,186,64,122,122
569,215,0,23,23,522,306,0,46,46,514,243,64,67,67
1290,647,0,79,79,1203,585,0,138,138,1256,577,64,167,167
1203,585,0,138,138,1290,647,0,79,79,1172,631,64,80,80
1092,549,0,140,140,1067,608,0,99,99,1011,604,64,58,58
1181,491,0,191,191,1164,521,0,152,152,1151,498,64,209,209
1164,521,0,152,152,1181,491,0,191,191,1196,508,64,206,206
1259,1100,0,163,163,1227,1073,0,132,132,1266,1070,64,165,165
1227,1073,0,132,132,1259,1100,0,163,163,1231,1104,64,191,191
871,244,0,185,185,866,205,0,184,184,905,227,64,220,220
866,205,0,184,184,871,244,0,185,185,835,221,64,142,142
804,169,0,179,179,801,199,0,159,159,776,180,64,160,160
802,116,0,176,176,777,132,0,192,192,776,113,64,182,182
777,132,0,192,192,802,116,0,176,176,804,142,64,198,198
207,1145,0,127,127,183,1148,0,114,114,189,1142,64,112,112
528,695,0,6,6,565,533,0,8,8,654,647,64,8,8
565,533,0,8,8,528,695,0,6,6,467,575,64,7,7
514,243,0,67,67,494,279,0,67,67,492,249,64,72,72
494,279,0,67,67,514,243,0,67,67,522,306,64,46,46
572,341,0,14,14,752,342,0,94,94,726,493,64,46,46
294,1040,0,46,46,255,1042,0,47,47,271,1013,64,44,44
255,1042,0,47,47,294,1040,0,46,46,264,1076,64,75,75
340,1042,0,68,68,362,1019,0,63,63,380,1036,64,82,82
362,1019,0,63,63,340,1042,0,68,68,330,1018,64,41,41
271,1013,0,44,44,271,977,0,42,42,307,998,64,41,41
271,977,0,42,42,271,1013,0,44,44,243,1006,64,38,38
522,306,0,46,46,572,341,0,14,14,499,352,64,60,60
726,493,0,46,46,752,342,0,94,94,763,449,64,90,90
572,341,0,14,14,565,533,0,8,8,522,398,64,40,40
565,533,0,8,8,572,341,0,14,14,726,493,64,46,46
176,120,0,35,35,517,70,0,45,45,213,119,64,41,41
517,70,0,45,45,911,83,0,120,120,836,89,64,124,124
232,177,0,38,38,274,117,0,34,34,277,183,64,42,42
274,117,0,34,34,232,177,0,38,38,224,135,64,28,28
317,218,0,67,67,280,221,0,67,67,317,193,64,59,59
280,221,0,67,67,286,258,0,73,73,260,247,64,73,73
1410,423,0,188,188,1366,196,0,235,235,1526,243,64,36,36
1366,196,0,235,235,1410,423,0,188,188,1356,411,64,129,129
1510,87,0,172,172,1545,58,0,184,184,1558,109,64,157,157
807,505,0,124,124,823,566,0,60,60,796,544,64,70,70
1011,604,0,58,58,951,584,0,131,131,1092,549,64,140,140
951,584,0,131,131,1011,604,0,58,58,958,622,64,149,149
951,584,0,131,131,864,631,0,139,139,823,566,64,60,60
1674,825,0,185,185,1613,834,0,175,175,1643,796,64,184,184
1613,834,0,175,175,1674,825,0,185,185,1672,863,64,146,146
1610,657,0,121,121,1572,623,0,77,77,1616,619,64,136,136
1572,623,0,77,77,1610,657,0,121,121,1552,688,64,25,25
1662,638,0,135,135,1610,657,0,121,121,1616,619,64,136,136
1610,657,0,121,121,1662,638,0,135,135,1637,711,64,25,25
158,148,0,28,28,181,127,0,36,36,188,148,64,27,27
181,127,0,36,36,158,148,0,28,28,176,120,64,35,35
196,177,0,35,35,175,202,0,38,38,160,177,64,33,33
175,202,0,38,38,196,177,0,35,35,203,208,64,49,49
175,235,0,63,63,212,234,0,75,75,197,263,64,61,61
212,234,0,75,75,175,235,0,63,63,203,208,64,49,49
1067,608,0,99,99,1144,859,0,146,146,994,649,64,40,40
1172,631,0,80,80,1067,608,0,99,99,1123,586,64,124,124
1349,804,0,104,104,1363,841,0,91,91,1323,825,64,149,149
1363,841,0,91,91,1349,804,0,104,104,1380,810,64,98,98
380,1036,0,82,82,420,1039,0,68,68,384,1061,64,82,82
420,1039,0,68,68,380,1036,0,82,82,417,1013,64,72,72
457,949,0,53,53,481,970,0,58,58,439,982,64,67,67
481,970,0,58,58,457,949,0,53,53,482,932,64,59,59
431,1076,0,61,61,479,1083,0,72,72,462,1108,64,89,89
213,119,0,41,41,188,148,0,27,27,181,127,64,36,36
188,148,0,27,27,213,119,0,41,41,224,135,64,28,28
486,93,0,40,40,469,138,0,40,40,449,89,64,38,38
469,138,0,40,40,486,93,0,40,40,523,124,64,37,37
408,253,0,29,29,492,249,0,72,72,494,279,64,67,67
492,249,0,72,72,408,253,0,29,29,485,219,64,47,47
1211,1087,0,146,146,1208,1112,0,184,184,1183,1069,64,138,138
1146,896,0,175,175,1161,957,0,178,178,1108,950,64,59,59
1161,957,0,178,178,1146,896,0,175,175,1193,890,64,201,201
1215,854,0,133,133,1176,863,0,133,133,1214,795,64,31,31
1176,863,0,133,133,1215,854,0,133,133,1193,890,64,201,201
1139,192,0,172,172,1092,180,0,167,167,1130,150,64,215,215
1092,180,0,167,167,1139,192,0,172,172,1113,232,64,163,163
990,148,0,132,132,969,189,0,147,147,932,163,64,149,149
990,148,0,132,132,932,163,0,149,149,958,115,64,139,139
1163,574,0,176,176,1167,544,0,203,203,1191,558,64,187,187
1167,544,0,203,203,1163,574,0,176,176,1139,546,64,212,212
1181,491,0,191,191,1215,483,0,203,203,1196,508,64,206,206
1290,647,0,79,79,1331,537,0,149,149,1385,545,64,185,185
1331,537,0,149,149,1290,647,0,79,79,1284,553,64,181,181
315,1139,0,75,75,332,1105,0,73,73,354,1119,64,67,67
332,1105,0,73,73,315,1139,0,75,75,306,1103,64,100,100
1718,1080,0,138,138,1672,863,0,146,146,1721,879,64,152,152
1740,860,0,214,214,1704,848,0,235,235,1731,834,64,194,194
1823,799,0,239,239,1773,826,0,118,118,1792,792,64,188,188
1601,794,0,150,150,1560,789,0,35,35,1591,758,64,125,125
1494,1011,0,207,207,1561,821,0,233,233,1613,834,64,175,175
1416,832,0,172,172,1457,801,0,111,111,1469,844,64,41,41
187,298,0,61,61,192,333,0,67,67,152,315,64,68,68
192,333,0,67,67,187,298,0,61,61,215,318,64,68,68
416,692,0,6,6,340,637,0,7,7,380,563,64,8,8
340,637,0,7,7,416,692,0,6,6,302,710,64,7,7
206,586,0,9,9,218,491,0,6,6,281,591,64,8,8
218,491,0,6,6,206,586,0,9,9,171,536,64,7,7
152,315,0,68,68,192,333,0,67,67,164,343,64,76,76
121,318,0,75,75,96,293,0,70,70,126,297,64,67,67
96,293,0,70,70,121,318,0,75,75,92,320,64,72,72
138,203,0,27,27,160,177,0,33,33,175,202,64,38,38
160,177,0,33,33,138,203,0,27,27,133,170,64,43,43
1304,29,0,239,239,1291,58,0,210,210,1253,67,64,238,238
1291,58,0,210,210,1304,29,0,239,239,1329,50,64,233,233
1035,87,0,204,204,1304,29,0,239,239,1101,88,64,195,195
469,138,0,40,40,514,169,0,54,54,480,181,64,63,63
514,169,0,54,54,469,138,0,40,40,523,124,64,37,37
485,219,0,47,47,513,205,0,76,76,514,243,64,67,67
513,205,0,76,76,485,219,0,47,47,480,181,64,63,63
469,138,0,40,40,419,125,0,40,40,449,89,64,38,38
1023,192,0,118,118,1042,132,0,72,72,1092,180,64,167,167
1042,132,0,72,72,1023,192,0,118,118,990,148,64,132,132
1175,164,0,214,214,1139,192,0,172,172,1130,150,64,215,215
1139,192,0,172,172,1175,164,0,214,214,1181,196,64,235,235
1750,213,0,44,44,1715,349,0,135,135,1695,212,64,96,96
1715,349,0,135,135,1750,213,0,44,44,1794,326,64,176,176
1510,87,0,172,172,1558,109,0,157,157,1506,123,64,160,160
176,120,0,35,35,213,119,0,41,41,181,127,64,36,36
370,103,0,39,39,384,146,0,39,39,331,135,64,33,33
384,146,0,39,39,370,103,0,39,39,419,125,64,40,40
908,1022,0,203,203,872,1034,0,212,212,887,1006,64,169,169
872,1034,0,212,212,908,1022,0,203,203,901,1054,64,182,182
877,959,0,203,203,887,1006,0,169,169,852,1006,64,184,184
931,1050,0,203,203,940,1012,0,176,176,966,1046,64,189,189
940,1012,0,176,176,931,1050,0,203,203,908,1022,64,203,203
1334,147,0,230,230,1345,110,0,217,217,1366,134,64,230,230
1345,110,0,217,217,1334,147,0,230,230,1305,120,64,138,138
1366,196,0,235,235,1295,373,0,143,143,1273,274,64,37,37
1295,373,0,143,143,1366,196,0,235,235,1356,411,64,129,129
1327,185,0,191,191,1262,189,0,203,203,1296,156,64,218,218
800,672,0,136,136,840,665,0,118,118,817,697,64,138,138
856,717,0,170,170,817,697,0,138,138,840,665,64,118,118
785,837,0,163,163,757,864,0,140,140,753,830,64,181,181
757,864,0,140,140,785,837,0,163,163,790,875,64,160,160
901,1054,0,182,182,919,1080,0,217,217,893,1080,64,215,215
919,1080,0,217,217,901,1054,0,182,182,931,1050,64,203,203
901,1054,0,182,182,908,1022,0,203,203,931,1050,64,203,203
1423,1055,0,166,166,1421,1089,0,184,184,1391,1074,64,170,170
1421,1089,0,184,184,1423,1055,0,166,166,1455,1075,64,184,184
1227,1073,0,132,132,1231,1104,0,191,191,1211,1087,64,146,146
1363,841,0,91,91,1382,976,0,146,146,1320,877,64,18,18
1382,976,0,146,146,1363,841,0,91,91,1416,832,64,172,172
1793,1101,0,142,142,1767,1128,0,191,191,1779,1106,64,189,189
1208,1112,0,184,184,1227,1125,0,173,173,1223,1133,64,160,160
1259,1100,0,163,163,1289,1093,0,184,184,1282,1123,64,179,179
1289,1093,0,184,184,1259,1100,0,163,163,1266,1070,64,165,165
309,241,0,68,68,317,218,0,67,67,338,236,64,71,71
327,267,0,56,56,363,253,0,67,67,371,285,64,43,43
363,253,0,67,67,327,267,0,56,56,338,236,64,71,71
1785,1088,0,163,163,1793,1101,0,142,142,1779,1106,64,189,189
1793,1101,0,142,142,1785,1088,0,163,163,1798,1083,64,179,179
1848,716,0,207,207,1804,1082,0,167,167,1823,799,64,239,239
975,225,0,184,184,936,206,0,233,233,969,189,64,147,147
936,206,0,233,233,975,225,0,184,184,940,242,64,156,156
1166,467,0,220,220,1002,371,0,37,37,1192,443,64,201,201
1002,371,0,37,37,1166,467,0,220,220,1129,495,64,200,200
905,227,0,220,220,914,264,0,212,212,871,244,64,185,185
914,264,0,212,212,905,227,0,220,220,940,242,64,156,156
778,154,0,185,185,804,142,0,198,198,804,169,64,179,179
804,142,0,198,198,778,154,0,185,185,777,132,64,192,192
1139,192,0,172,172,1181,196,0,235,235,1168,226,64,210,210
1189,258,0,189,189,1168,226,0,210,210,1207,217,64,227,227
1168,226,0,210,210,1189,258,0,189,189,1113,232,64,163,163
1139,192,0,172,172,1168,226,0,210,210,1113,232,64,163,163
1388,469,0,142,142,1410,423,0,188,188,1447,457,64,140,140
1410,423,0,188,188,1388,469,0,142,142,1363,442,64,87,87
1526,243,0,36,36,1412,169,0,232,232,1471,151,64,200,200
1412,169,0,232,232,1526,243,0,36,36,1366,196,64,235,235
191,359,0,73,73,188,387,0,67,67,154,368,64,69,69
188,387,0,67,67,191,359,0,73,73,222,371,64,67,67
302,710,0,7,7,416,692,0,6,6,366,789,64,7,7
302,710,0,7,7,283,830,0,6,6,228,755,64,6,6
283,830,0,6,6,302,710,0,7,7,366,789,64,7,7
1704,848,0,235,235,1704,815,0,221,221,1731,834,64,194,194
1704,815,0,221,221,1704,848,0,235,235,1674,825,64,185,185
1704,815,0,221,221,1674,825,0,185,185,1676,791,64,214,214
1710,785,0,114,114,1729,735,0,129,129,1765,777,64,218,218
1729,735,0,129,129,1710,785,0,114,114,1683,765,64,147,147
741,953,0,153,153,778,978,0,125,125,753,991,64,139,139
778,978,0,125,125,741,953,0,153,153,779,942,64,135,135
857,1058,0,182,182,868,1090,0,192,192,841,1078,64,175,175
868,1090,0,192,192,857,1058,0,182,182,878,1063,64,212,212
738,1120,0,94,94,677,1053,0,34,34,726,1080,64,84,84
677,1053,0,34,34,738,1120,0,94,94,594,1099,64,50,50
1427,767,0,103,103,1454,548,0,184,184,1522,614,64,162,162
1284,553,0,181,181,1290,647,0,79,79,1256,577,64,167,167
1447,457,0,140,140,1424,517,0,160,160,1388,469,64,142,142
1424,517,0,160,160,1447,457,0,140,140,1479,516,64,172,172
814,1077,0,142,142,790,1045,0,118,118,830,1037,64,197,197
790,1045,0,118,118,814,1077,0,142,142,777,1079,64,116,116
830,1037,0,197,197,857,1058,0,182,182,841,1078,64,175,175
857,1058,0,182,182,830,1037,0,197,197,872,1034,64,212,212
868,1090,0,192,192,878,1063,0,212,212,893,1080,64,215,215
327,267,0,56,56,312,335,0,57,57,283,306,64,35,35
310,474,0,7,7,281,591,0,8,8,218,491,64,6,6
281,591,0,8,8,310,474,0,7,7,380,563,64,8,8
222,371,0,67,67,247,395,0,53,53,188,387,64,67,67
355,1084,0,72,72,384,1061,0,82,82,388,1096,64,63,63
388,1096,0,63,63,354,1119,0,67,67,355,1084,64,72,72
354,1119,0,67,67,388,1096,0,63,63,381,1135,64,82,82
237,1105,0,82,82,248,1138,0,127,127,220,1130,64,98,98
248,1138,0,127,127,237,1105,0,82,82,263,1106,64,99,99
133,170,0,43,43,138,203,0,27,27,115,179,64,52,52
110,339,0,79,79,137,341,0,80,80,115,365,64,75,75
137,341,0,80,80,110,339,0,79,79,121,318,64,75,75
132,776,0,6,6,82,342,0,78,78,135,651,64,7,7
1719,424,0,173,173,1755,495,0,152,152,1705,488,64,191,191
1755,495,0,152,152,1719,424,0,173,173,1764,421,64,140,140
1705,488,0,191,191,1679,536,0,94,94,1659,477,64,162,162
1679,536,0,94,94,1569,515,0,90,90,1659,477,64,162,162
1569,515,0,90,90,1679,536,0,94,94,1599,583,64,150,150
1320,877,0,18,18,1382,976,0,146,146,1322,1006,64,167,167
1319,772,0,44,44,1349,804,0,104,104,1323,825,64,149,149
1349,804,0,104,104,1319,772,0,44,44,1367,768,64,129,129
1408,785,0,162,162,1416,832,0,172,172,1380,810,64,98,98
1823,799,0,239,239,1810,757,0,221,221,1848,716,64,207,207
1810,757,0,221,221,1823,799,0,239,239,1792,792,64,188,188
1776,739,0,214,214,1765,777,0,218,218,1729,735,64,129,129
1765,777,0,218,218,1776,739,0,214,214,1810,757,64,221,221
994,649,0,40,40,958,622,0,149,149,1011,604,64,58,58
958,622,0,149,149,994,649,0,40,40,932,658,64,124,124
906,748,0,170,170,883,804,0,181,181,866,759,64,128,128
801,199,0,159,159,802,229,0,75,75,774,210,64,160,160
802,229,0,75,75,801,199,0,159,159,835,221,64,142,142
802,229,0,75,75,830,258,0,127,127,798,258,64,111,111
783,287,0,104,104,747,278,0,59,59,764,261,64,84,84
747,278,0,59,59,783,287,0,104,104,752,342,64,94,94
975,225,0,184,184,1023,192,0,118,118,1014,246,64,189,189
1092,180,0,167,167,1113,232,0,163,163,1069,229,64,215,215
454,819,0,8,8,344,913,0,27,27,366,789,64,7,7
344,913,0,27,27,454,819,0,8,8,420,937,64,38,38
417,1013,0,72,72,380,1036,0,82,82,391,996,64,61,61
285,937,0,42,42,317,956,0,23,23,271,977,64,42,42
1506,123,0,160,160,1558,109,0,157,157,1513,152,64,128,128
1334,147,0,230,230,1367,166,0,230,230,1327,185,64,191,191
1367,166,0,230,230,1334,147,0,230,230,1366,134,64,230,230
1090,896,0,99,99,1146,896,0,175,175,1108,950,64,59,59
1146,896,0,175,175,1090,896,0,99,99,1144,859,64,146,146
1146,896,0,175,175,1176,863,0,133,133,1193,890,64,201,201
1176,863,0,133,133,1146,896,0,175,175,1144,859,64,146,146
1322,1006,0,167,167,1235,1046,0,162,162,1223,895,64,37,37
1235,1046,0,162,162,1322,1006,0,167,167,1288,1045,64,117,117
554,1004,0,50,50,510,1025,0,58,58,507,993,64,57,57
510,1025,0,58,58,554,1004,0,50,50,552,1047,64,59,59
552,1047,0,59,59,539,1080,0,109,109,511,1061,64,57,57
539,1080,0,109,109,552,1047,0,59,59,565,1079,64,94,94
932,658,0,124,124,994,649,0,40,40,919,710,64,184,184
1507,1122,0,154,154,1483,1100,0,187,187,1512,1093,64,176,176
1483,1100,0,187,187,1507,1122,0,154,154,1478,1132,64,176,176
1577,1123,0,182,182,1570,1099,0,209,209,1595,1094,64,162,162
1570,1099,0,209,209,1577,1123,0,182,182,1542,1117,64,159,159
222,663,0,8,8,281,591,0,8,8,340,637,64,7,7
281,591,0,8,8,222,663,0,8,8,206,586,64,9,9
197,836,0,6,6,283,830,0,6,6,220,904,64,7,7
283,830,0,6,6,197,836,0,6,6,228,755,64,6,6
481,1140,0,67,67,540,1116,0,95,95,555,1137,64,43,43
540,1116,0,95,95,481,1140,0,67,67,494,1115,64,122,122
462,1108,0,89,89,494,1115,0,122,122,481,1140,64,67,67
494,1115,0,122,122,462,1108,0,89,89,479,1083,64,72,72
494,1115,0,122,122,479,1083,0,72,72,514,1092,64,72,72
823,566,0,60,60,880,459,0,43,43,951,584,64,131,131
790,464,0,109,109,828,451,0,77,77,807,505,64,124,124
583,832,0,6,6,615,983,0,36,36,527,961,64,53,53
615,983,0,36,36,583,832,0,6,6,699,886,64,147,147
460,1010,0,68,68,510,1025,0,58,58,467,1045,64,54,54
510,1025,0,58,58,460,1010,0,68,68,507,993,64,57,57
481,970,0,58,58,527,961,0,53,53,507,993,64,57,57
527,961,0,53,53,481,970,0,58,58,482,932,64,59,59
840,886,0,149,149,868,919,0,188,188,843,932,64,128,128
759,906,0,132,132,757,864,0,140,140,790,875,64,160,160
757,864,0,140,140,759,906,0,132,132,730,885,64,169,169
887,878,0,182,182,855,837,0,150,150,889,840,64,162,162
1144,859,0,146,146,1214,795,0,31,31,1176,863,64,133,133
919,710,0,184,184,994,649,0,40,40,942,741,64,50,50
994,649,0,40,40,1011,604,0,58,58,1067,608,64,99,99
517,70,0,45,45,836,89,0,124,124,786,99,64,145,145
213,119,0,41,41,517,70,0,45,45,370,103,64,39,39
189,1142,0,112,112,194,1127,0,88,88,207,1145,64,127,127
194,1127,0,88,88,189,1142,0,112,112,174,1132,64,87,87
194,1127,0,88,88,174,1132,0,87,87,179,1111,64,72,72
156,1090,0,33,33,140,1111,0,39,39,149,1050,64,39,39
140,1111,0,39,39,156,1090,0,33,33,159,1119,64,56,56
179,973,0,6,6,220,904,0,7,7,236,973,64,41,41
220,904,0,7,7,179,973,0,6,6,138,906,64,6,6
832,125,0,184,184,867,100,0,101,101,862,139,64,179,179
832,125,0,184,184,804,142,0,198,198,802,116,64,176,176
804,142,0,198,198,832,125,0,184,184,832,155,64,197,197
423,1117,0,77,77,462,1108,0,89,89,481,1140,64,67,67
462,1108,0,89,89,423,1117,0,77,77,431,1076,64,61,61
1252,838,0,143,143,1223,895,0,37,37,1215,854,64,133,133
1223,895,0,37,37,1252,838,0,143,143,1320,877,64,18,18
1235,1046,0,162,162,1288,1045,0,117,117,1266,1070,64,165,165
1266,1070,0,165,165,1298,1070,0,78,78,1289,1093,64,184,184
1298,1070,0,78,78,1266,1070,0,165,165,1288,1045,64,117,117
1322,1006,0,167,167,1382,976,0,146,146,1353,1019,64,96,96
1455,1075,0,184,184,1449,1113,0,195,195,1421,1089,64,184,184
1449,1113,0,195,195,1455,1075,0,184,184,1483,1100,64,187,187
1502,437,0,162,162,1569,515,0,90,90,1479,516,64,172,172
1466,429,0,118,118,1447,457,0,140,140,1410,423,64,188,188
1447,457,0,140,140,1466,429,0,118,118,1502,437,64,162,162
1526,243,0,36,36,1621,272,0,99,99,1601,317,64,82,82
1621,272,0,99,99,1526,243,0,36,36,1641,216,64,132,132
1731,834,0,194,194,1773,826,0,118,118,1740,860,64,214,214
1731,834,0,194,194,1704,815,0,221,221,1738,807,64,214,214
179,1111,0,72,72,174,1132,0,87,87,159,1119,64,56,56
189,1142,0,112,112,183,1148,0,114,114,174,1132,64,87,87
855,837,0,150,150,840,886,0,149,149,818,850,64,157,157
792,708,0,163,163,778,746,0,182,182,770,719,64,178,178
351,358,0,58,58,397,381,0,49,49,340,386,64,61,61
416,692,0,6,6,380,563,0,8,8,467,575,64,7,7
380,1036,0,82,82,343,1059,0,88,88,340,1042,64,68,68
355,1084,0,72,72,332,1105,0,73,73,327,1083,64,96,96
332,1105,0,73,73,355,1084,0,72,72,354,1119,64,67,67
340,1042,0,68,68,303,1061,0,79,79,294,1040,64,46,46
358,184,0,68,68,331,135,0,33,33,384,146,64,39,39
331,135,0,33,33,358,184,0,68,68,317,193,64,59,59
317,193,0,59,59,358,184,0,68,68,341,208,64,76,76
1793,1101,0,142,142,1798,1083,0,179,179,1804,1082,64,167,167
1805,354,0,235,235,1794,326,0,176,176,1812,329,64,206,206
1794,326,0,176,176,1805,354,0,235,235,1767,363,64,198,198
1676,432,0,99,99,1705,488,0,191,191,1659,477,64,162,162
1705,488,0,191,191,1676,432,0,99,99,1719,424,64,173,173
1715,349,0,135,135,1621,272,0,99,99,1695,212,64,96,96
1621,272,0,99,99,1715,349,0,135,135,1601,317,64,82,82
857,1058,0,182,182,872,1034,0,212,212,878,1063,64,212,212
887,1006,0,169,169,872,1034,0,212,212,852,1006,64,184,184
901,1054,0,182,182,893,1080,0,215,215,878,1063,64,212,212
815,999,0,133,133,804,968,0,143,143,839,968,64,175,175
804,968,0,143,143,815,999,0,133,133,778,978,64,125,125
741,953,0,153,153,720,918,0,156,156,759,906,64,132,132
720,918,0,156,156,741,953,0,153,153,702,953,64,150,150
813,944,0,165,165,839,968,0,175,175,804,968,64,143,143
839,968,0,175,175,813,944,0,165,165,843,932,64,128,128
1479,516,0,172,172,1569,515,0,90,90,1494,548,64,112,112
1424,517,0,160,160,1479,516,0,172,172,1454,548,64,184,184
1502,437,0,162,162,1479,516,0,172,172,1447,457,64,140,140
1558,109,0,157,157,1641,216,0,132,132,1513,152,64,128,128
1410,423,0,188,188,1526,243,0,36,36,1512,391,64,191,191
1715,349,0,135,135,1739,389,0,215,215,1697,396,64,220,220
1739,389,0,215,215,1715,349,0,135,135,1767,363,64,198,198
1739,389,0,215,215,1764,421,0,140,140,1719,424,64,173,173
1764,421,0,140,140,1739,389,0,215,215,1787,388,64,146,146
391,996,0,61,61,380,1036,0,82,82,362,1019,64,63,63
507,993,0,57,57,460,1010,0,68,68,481,970,64,58,58
460,1010,0,68,68,417,1013,0,72,72,439,982,64,67,67
1777,639,0,206,206,1752,594,0,184,184,1796,596,64,194,194
1831,333,0,226,226,1805,354,0,235,235,1812,329,64,206,206
1858,453,0,112,112,1811,511,0,167,167,1800,460,64,90,90
1811,511,0,167,167,1858,453,0,112,112,1824,558,64,194,194
966,1046,0,189,189,1021,1051,0,77,77,949,1081,64,195,195
1021,1051,0,77,77,966,1046,0,189,189,976,1010,64,156,156
1010,983,0,91,91,1021,1051,0,77,77,976,1010,64,156,156
1021,1051,0,77,77,1010,983,0,91,91,1089,1003,64,18,18
1183,1069,0,138,138,1021,1051,0,77,77,1089,1003,64,18,18
1641,216,0,132,132,1636,97,0,173,173,1673,192,64,58,58
1558,109,0,157,157,1545,58,0,184,184,1581,85,64,185,185
517,70,0,45,45,733,146,0,169,169,523,124,64,37,37
733,146,0,169,169,517,70,0,45,45,756,118,64,165,165
514,243,0,67,67,513,205,0,76,76,569,215,64,23,23
517,70,0,45,45,449,89,0,38,38,370,103,64,39,39
449,89,0,38,38,517,70,0,45,45,486,93,64,40,40
449,89,0,38,38,419,125,0,40,40,370,103,64,39,39
984,271,0,72,72,940,242,0,156,156,975,225,64,184,184
940,242,0,156,156,984,271,0,72,72,914,264,64,212,212
122,398,0,35,35,218,491,0,6,6,171,536,64,7,7
218,491,0,6,6,122,398,0,35,35,188,387,64,67,67
146,710,0,7,7,222,663,0,8,8,228,755,64,6,6
949,970,0,203,203,940,1012,0,176,176,913,987,64,227,227
940,1012,0,176,176,949,970,0,203,203,976,1010,64,156,156
894,929,0,188,188,877,959,0,203,203,868,919,64,188,188
877,959,0,203,203,894,929,0,188,188,915,953,64,192,192
998,931,0,73,73,925,852,0,162,162,1029,871,64,9,9
925,852,0,162,162,998,931,0,73,73,928,917,64,201,201
455,385,0,47,47,397,381,0,49,49,446,353,64,42,42
397,381,0,49,49,455,385,0,47,47,432,452,64,7,7
262,367,0,63,63,227,346,0,73,73,272,342,64,70,70
1259,1100,0,163,163,1255,1130,0,179,179,1231,1104,64,191,191
1255,1130,0,179,179,1259,1100,0,163,163,1282,1123,64,179,179
1345,1119,0,178,178,1369,1137,0,182,182,1310,1141,64,197,197
1369,1137,0,182,182,1345,1119,0,178,178,1390,1113,64,192,192
1725,173,0,152,152,1750,213,0,44,44,1695,212,64,96,96
1750,213,0,44,44,1725,173,0,152,152,1764,175,64,82,82
1606,85,0,217,217,1627,74,0,209,209,1636,97,64,173,173
1627,74,0,209,209,1606,85,0,217,217,1579,46,64,173,173
1783,99,0,197,197,1803,182,0,111,111,1764,175,64,82,82
877,959,0,203,203,843,932,0,128,128,868,919,64,188,188
843,932,0,128,128,877,959,0,203,203,839,968,64,175,175
796,544,0,70,70,763,496,0,77,77,807,505,64,124,124
763,496,0,77,77,796,544,0,70,70,757,554,64,59,59
792,633,0,76,76,790,583,0,100,100,824,627,64,104,104
790,583,0,100,100,792,633,0,76,76,757,610,64,100,100
790,583,0,100,100,757,554,0,59,59,796,544,64,70,70
757,554,0,59,59,790,583,0,100,100,757,610,64,100,100
1273,274,0,37,37,1295,373,0,143,143,1269,364,64,147,147
1494,1011,0,207,207,1487,1063,0,154,154,1464,1034,64,120,120
1382,976,0,146,146,1416,832,0,172,172,1469,844,64,41,41
1515,799,0,114,114,1469,844,0,41,41,1457,801,64,111,111
1469,844,0,41,41,1515,799,0,114,114,1561,821,64,233,233
416,692,0,6,6,454,819,0,8,8,366,789,64,7,7
454,819,0,8,8,416,692,0,6,6,528,695,64,6,6
439,982,0,67,67,481,970,0,58,58,460,1010,64,68,68
1304,29,0,239,239,1253,67,0,238,238,1101,88,64,195,195
1023,192,0,118,118,1092,180,0,167,167,1069,229,64,215,215
911,83,0,120,120,1035,87,0,204,204,981,92,64,226,226
1767,363,0,198,198,1805,354,0,235,235,1787,388,64,146,146
1755,495,0,152,152,1764,421,0,140,140,1800,460,64,90,90
1412,169,0,232,232,1434,132,0,224,224,1471,151,64,200,200
1434,132,0,224,224,1412,169,0,232,232,1398,144,64,149,149
1412,169,0,232,232,1367,166,0,230,230,1398,144,64,149,149
1367,166,0,230,230,1412,169,0,232,232,1366,196,64,235,235
1438,95,0,238,238,1395,107,0,206,206,1400,67,64,194,194
712,772,0,162,162,583,832,0,6,6,654,647,64,8,8
583,832,0,6,6,712,772,0,162,162,708,817,64,157,157
755,771,0,162,162,727,790,0,153,153,732,761,64,157,157
727,790,0,153,153,755,771,0,162,162,750,800,64,182,182
725,849,0,163,163,730,885,0,169,169,699,886,64,147,147
730,885,0,169,169,725,849,0,163,163,757,864,64,140,140
133,170,0,43,43,142,140,0,29,29,158,148,64,28,28
142,140,0,29,29,133,170,0,43,43,115,179,64,52,52
115,179,0,52,52,138,203,0,27,27,109,247,64,23,23
761,1104,0,122,122,800,1107,0,129,129,789,1125,64,121,121
899,1105,0,210,210,868,1090,0,192,192,893,1080,64,215,215
868,1090,0,192,192,899,1105,0,210,210,841,1109,64,172,172
1779,1106,0,189,189,1756,1104,0,210,210,1785,1088,64,163,163
1756,1104,0,210,210,1779,1106,0,189,189,1767,1128,64,191,191
1731,1105,0,175,175,1756,1104,0,210,210,1744,1124,64,221,221
1785,1088,0,163,163,1718,1080,0,138,138,1796,1073,64,215,215
160,1137,0,70,70,143,1132,0,51,51,149,1128,64,56,56
140,1111,0,39,39,159,1119,0,56,56,149,1128,64,56,56
160,1137,0,70,70,174,1132,0,87,87,183,1148,64,114,114
174,1132,0,87,87,160,1137,0,70,70,159,1119,64,56,56
331,135,0,33,33,277,183,0,42,42,274,117,64,34,34
277,183,0,42,42,331,135,0,33,33,317,193,64,59,59
348,992,0,45,45,371,956,0,35,35,391,996,64,61,61
420,937,0,38,38,454,819,0,8,8,482,932,64,59,59
439,982,0,67,67,420,937,0,38,38,457,949,64,53,53
420,937,0,38,38,439,982,0,67,67,391,996,64,61,61
1810,757,0,221,221,1792,792,0,188,188,1765,777,64,218,218
317,218,0,67,67,317,193,0,59,59,341,208,64,76,76
1363,841,0,91,91,1380,810,0,98,98,1416,832,64,172,172
1367,768,0,129,129,1380,810,0,98,98,1349,804,64,104,104
1673,192,0,58,58,1636,97,0,173,173,1699,164,64,154,154
1606,85,0,217,217,1558,109,0,157,157,1581,85,64,185,185
1579,46,0,173,173,1606,85,0,217,217,1581,85,64,185,185
1464,1034,0,120,120,1487,1063,0,154,154,1455,1075,64,184,184
1391,1074,0,170,170,1389,1036,0,129,129,1423,1055,64,166,166
1389,1036,0,129,129,1391,1074,0,170,170,1359,1063,64,192,192
1469,844,0,41,41,1436,1008,0,118,118,1382,976,64,146,146
109,247,0,23,23,175,235,0,63,63,152,279,64,57,57
115,365,0,75,75,82,342,0,78,78,110,339,64,79,79
82,342,0,78,78,115,365,0,75,75,122,398,64,35,35
135,651,0,7,7,82,342,0,78,78,122,398,64,35,35
247,395,0,53,53,290,385,0,62,62,310,474,64,7,7
290,385,0,62,62,247,395,0,53,53,262,367,64,63,63
340,386,0,61,61,306,364,0,62,62,351,358,64,58,58
306,364,0,62,62,340,386,0,61,61,290,385,64,62,62
310,474,0,7,7,340,386,0,61,61,432,452,64,7,7
340,386,0,61,61,310,474,0,7,7,290,385,64,62,62
431,1076,0,61,61,384,1061,0,82,82,420,1039,64,68,68
384,1061,0,82,82,431,1076,0,61,61,388,1096,64,63,63
388,1096,0,63,63,431,1076,0,61,61,423,1117,64,77,77
1282,1123,0,179,179,1289,1093,0,184,184,1310,1112,64,209,209
1359,1063,0,192,192,1353,1019,0,96,96,1389,1036,64,129,129
1353,1019,0,96,96,1359,1063,0,192,192,1322,1048,64,120,120
1410,423,0,188,188,1363,442,0,87,87,1356,411,64,129,129
1327,486,0,89,89,1388,469,0,142,142,1369,517,64,139,139
1388,469,0,142,142,1327,486,0,89,89,1363,442,64,87,87
1363,442,0,87,87,1313,431,0,68,68,1356,411,64,129,129
1151,498,0,209,209,1129,495,0,200,200,1166,467,64,220,220
1129,495,0,200,200,1151,498,0,209,209,1134,520,64,221,221
677,1053,0,34,34,594,1099,0,50,50,606,1040,64,69,69
702,953,0,150,150,681,1008,0,93,93,615,983,64,36,36
681,1008,0,93,93,702,953,0,150,150,720,992,64,153,153
755,1051,0,132,132,777,1079,0,116,116,744,1073,64,99,99
777,1079,0,116,116,755,1051,0,132,132,790,1045,64,118,118
1815,233,0,52,52,1789,197,0,99,99,1803,182,64,111,111
1789,197,0,99,99,1815,233,0,52,52,1750,213,64,44,44
1764,175,0,82,82,1803,182,0,111,111,1789,197,64,99,99
149,1050,0,39,39,190,1068,0,31,31,156,1090,64,33,33
243,1006,0,38,38,220,1040,0,32,32,203,1011,64,40,40
220,1040,0,32,32,243,1006,0,38,38,255,1042,64,47,47
228,1076,0,44,44,264,1076,0,75,75,237,1105,64,82,82
264,1076,0,75,75,228,1076,0,44,44,255,1042,64,47,47
106,275,0,67,67,96,293,0,70,70,109,247,64,23,23
96,293,0,70,70,106,275,0,67,67,126,297,64,67,67
110,339,0,79,79,82,342,0,78,78,92,320,64,72,72
96,293,0,70,70,82,342,0,78,78,115,179,64,52,52
82,342,0,78,78,96,293,0,70,70,92,320,64,72,72
1825,414,0,192,192,1764,421,0,140,140,1787,388,64,146,146
1764,421,0,140,140,1825,414,0,192,192,1800,460,64,90,90
1787,388,0,146,146,1739,389,0,215,215,1767,363,64,198,198
777,132,0,192,192,756,140,0,189,189,756,118,64,165,165
756,140,0,189,189,777,132,0,192,192,778,154,64,185,185
751,161,0,170,170,776,180,0,160,160,747,186,64,122,122
733,146,0,169,169,747,186,0,122,122,569,215,64,23,23
1483,1100,0,187,187,1478,1132,0,176,176,1449,1113,64,195,195
1512,1093,0,176,176,1511,1068,0,154,154,1545,1084,64,154,154
1512,1093,0,176,176,1542,1117,0,159,159,1507,1122,64,154,154
832,125,0,184,184,862,139,0,179,179,832,155,64,197,197
835,221,0,142,142,834,186,0,182,182,866,205,64,184,184
832,155,0,197,197,862,139,0,179,179,861,171,64,188,188
135,651,0,7,7,122,398,0,35,35,171,536,64,7,7
206,586,0,9,9,135,651,0,7,7,171,536,64,7,7
132,776,0,6,6,135,651,0,7,7,146,710,64,7,7
1421,1089,0,184,184,1449,1113,0,195,195,1422,1113,64,184,184
1289,1093,0,184,184,1326,1085,0,178,178,1310,1112,64,209,209
1326,1085,0,178,178,1289,1093,0,184,184,1298,1070,64,78,78
1455,1075,0,184,184,1423,1055,0,166,166,1464,1034,64,120,120
1364,36,0,232,232,1445,52,0,217,217,1400,67,64,194,194
362,1019,0,63,63,330,1018,0,41,41,348,992,64,45,45
540,1116,0,95,95,494,1115,0,122,122,514,1092,64,72,72
511,1061,0,57,57,539,1080,0,109,109,514,1092,64,72,72
565,1079,0,94,94,540,1116,0,95,95,539,1080,64,109,109
1601,317,0,82,82,1715,349,0,135,135,1697,396,64,220,220
1628,413,0,207,207,1579,436,0,142,142,1596,398,64,185,185
1579,436,0,142,142,1628,413,0,207,207,1621,452,64,191,191
1695,212,0,96,96,1621,272,0,99,99,1641,216,64,132,132
1478,1132,0,176,176,1423,1133,0,212,212,1449,1113,64,195,195
1699,164,0,154,154,1654,82,0,227,227,1733,98,64,17,17
1654,82,0,227,227,1699,164,0,154,154,1636,97,64,173,173
1654,82,0,227,227,1636,97,0,173,173,1627,74,64,209,209
887,878,0,182,182,894,929,0,188,188,868,919,64,188,188
915,953,0,192,192,894,929,0,188,188,928,917,64,201,201
878,1063,0,212,212,872,1034,0,212,212,901,1054,64,182,182
1824,558,0,194,194,1858,453,0,112,112,1833,633,64,138,138
1824,309,0,229,229,1836,292,0,223,223,1831,333,64,226,226
255,274,0,61,61,245,319,0,69,69,220,287,64,51,51
245,319,0,69,69,255,274,0,61,61,283,306,64,35,35
312,335,0,57,57,272,342,0,70,70,283,306,64,35,35
272,342,0,70,70,312,335,0,57,57,306,364,64,62,62
1572,623,0,77,77,1599,583,0,150,150,1616,619,64,136,136
1494,548,0,112,112,1569,515,0,90,90,1567,582,64,46,46
1567,582,0,46,46,1569,515,0,90,90,1599,583,64,150,150
1261,412,0,116,116,1243,461,0,173,173,1219,445,64,140,140
1243,461,0,173,173,1261,412,0,116,116,1277,471,64,147,147
1261,412,0,116,116,1233,371,0,156,156,1269,364,64,147,147
1233,371,0,156,156,1261,412,0,116,116,1219,445,64,140,140
1391,1074,0,170,170,1362,1092,0,127,127,1359,1063,64,192,192
1291,58,0,210,210,1273,97,0,215,215,1253,67,64,238,238
1273,97,0,215,215,1291,58,0,210,210,1317,85,64,229,229
1254,141,0,230,230,1262,189,0,203,203,1212,177,64,227,227
1254,141,0,230,230,1212,177,0,227,227,1207,140,64,210,210
517,70,0,45,45,523,124,0,37,37,486,93,64,40,40
569,215,0,23,23,523,124,0,37,37,733,146,64,169,169
523,124,0,37,37,569,215,0,23,23,514,169,64,54,54
832,155,0,197,197,861,171,0,188,188,834,186,64,182,182
936,206,0,233,233,940,242,0,156,156,905,227,64,220,220
1721,879,0,152,152,1769,870,0,89,89,1796,1073,64,215,215
1769,870,0,89,89,1721,879,0,152,152,1740,860,64,214,214
1740,860,0,214,214,1773,826,0,118,118,1769,870,64,89,89
1367,768,0,129,129,1319,772,0,44,44,1290,647,64,79,79
1319,772,0,44,44,1214,795,0,31,31,1290,647,64,79,79
1172,631,0,80,80,1290,647,0,79,79,1214,795,64,31,31
388,1096,0,63,63,423,1117,0,77,77,381,1135,64,82,82
423,1117,0,77,77,481,1140,0,67,67,381,1135,64,82,82
1035,87,0,204,204,1101,88,0,195,195,1068,98,64,220,220
1169,131,0,201,201,1207,140,0,210,210,1175,164,64,214,214
1207,140,0,210,210,1169,131,0,201,201,1188,108,64,170,170
432,452,0,7,7,340,386,0,61,61,397,381,64,49,49
1616,619,0,136,136,1599,583,0,150,150,1640,600,64,143,143
1507,1122,0,154,154,1542,1117,0,159,159,1528,1142,64,191,191
1223,895,0,37,37,1161,957,0,178,178,1193,890,64,201,201
1161,957,0,178,178,1223,895,0,37,37,1235,1046,64,162,162
1322,1006,0,167,167,1353,1019,0,96,96,1322,1048,64,120,120
272,342,0,70,70,245,319,0,69,69,283,306,64,35,35
245,319,0,69,69,272,342,0,70,70,227,346,64,73,73
245,319,0,69,69,215,318,0,68,68,220,287,64,51,51
215,318,0,68,68,245,319,0,69,69,227,346,64,73,73
1673,192,0,58,58,1695,212,0,96,96,1641,216,64,132,132
1750,213,0,44,44,1764,175,0,82,82,1789,197,64,99,99
1113,232,0,163,163,1050,277,0,238,238,1069,229,64,215,215
380,563,0,8,8,310,474,0,7,7,432,452,64,7,7
247,395,0,53,53,310,474,0,7,7,218,491,64,6,6
958,115,0,139,139,1001,110,0,221,221,990,148,64,132,132
1001,110,0,221,221,958,115,0,139,139,981,92,64,226,226
255,1042,0,47,47,228,1076,0,44,44,220,1040,64,32,32
310,1076,0,87,87,343,1059,0,88,88,327,1083,64,96,96
306,1103,0,100,100,327,1083,0,96,96,332,1105,64,73,73
327,1083,0,96,96,306,1103,0,100,100,310,1076,64,87,87
380,563,0,8,8,340,637,0,7,7,281,591,64,8,8
340,637,0,7,7,302,710,0,7,7,222,663,64,8,8
159,1119,0,56,56,160,1137,0,70,70,149,1128,64,56,56
190,1068,0,31,31,207,1106,0,71,71,179,1111,64,72,72
207,1106,0,71,71,190,1068,0,31,31,228,1076,64,44,44
207,1145,0,127,127,194,1127,0,88,88,220,1130,64,98,98
416,692,0,6,6,467,575,0,7,7,528,695,64,6,6
1286,511,0,172,172,1284,553,0,181,181,1250,528,64,192,192
1284,553,0,181,181,1286,511,0,172,172,1331,537,64,149,149
1250,528,0,192,192,1221,517,0,187,187,1249,497,64,169,169
1221,517,0,187,187,1250,528,0,192,192,1221,550,64,212,212
1215,483,0,203,203,1243,461,0,173,173,1249,497,64,169,169
778,978,0,125,125,815,999,0,133,133,788,1013,64,143,143
830,1037,0,197,197,841,1078,0,175,175,814,1077,64,142,142
514,169,0,54,54,569,215,0,23,23,513,205,64,76,76
485,219,0,47,47,514,243,0,67,67,492,249,64,72,72
1457,801,0,111,111,1498,753,0,146,146,1515,799,64,114,114
1498,753,0,146,146,1457,801,0,111,111,1427,767,64,103,103
1515,799,0,114,114,1498,753,0,146,146,1535,748,64,113,113
889,840,0,162,162,925,852,0,162,162,887,878,64,182,182
925,852,0,162,162,889,840,0,162,162,883,804,64,181,181
1029,871,0,9,9,925,852,0,162,162,942,741,64,50,50
391,996,0,61,61,362,1019,0,63,63,348,992,64,45,45
420,937,0,38,38,391,996,0,61,61,371,956,64,35,35
391,996,0,61,61,439,982,0,67,67,417,1013,64,72,72
747,710,0,150,150,751,741,0,176,176,725,735,64,139,139
751,741,0,176,176,747,710,0,150,150,770,719,64,178,178
742,679,0,114,114,654,647,0,8,8,757,610,64,100,100
654,647,0,8,8,742,679,0,114,114,725,735,64,139,139
1742,142,0,56,56,1699,164,0,154,154,1733,98,64,17,17
1699,164,0,154,154,1742,142,0,56,56,1725,173,64,152,152
467,1045,0,54,54,510,1025,0,58,58,511,1061,64,57,57
552,1047,0,59,59,511,1061,0,57,57,510,1025,64,58,58
790,875,0,160,160,818,850,0,157,157,840,886,64,149,149
818,850,0,157,157,790,875,0,160,160,785,837,64,163,163
730,885,0,169,169,720,918,0,156,156,699,886,64,147,147
720,918,0,156,156,730,885,0,169,169,759,906,64,132,132
757,864,0,140,140,725,849,0,163,163,753,830,64,181,181
203,1011,0,40,40,149,1050,0,39,39,179,973,64,6,6
140,1111,0,39,39,138,906,0,6,6,149,1050,64,39,39
1777,639,0,206,206,1833,633,0,138,138,1824,675,64,200,200
1833,633,0,138,138,1777,639,0,206,206,1796,596,64,194,194
1775,547,0,166,166,1752,594,0,184,184,1727,541,64,122,122
109,247,0,23,23,152,279,0,57,57,106,275,64,67,67
109,247,0,23,23,96,293,0,70,70,115,179,64,52,52
1715,349,0,135,135,1794,326,0,176,176,1767,363,64,198,198
744,1073,0,99,99,777,1079,0,116,116,761,1104,64,122,122
761,1104,0,122,122,726,1080,0,84,84,744,1073,64,99,99
726,1080,0,84,84,761,1104,0,122,122,738,1120,64,94,94
718,1038,0,121,121,726,1080,0,84,84,677,1053,64,34,34
702,953,0,150,150,741,953,0,153,153,720,992,64,153,153
788,1013,0,143,143,753,991,0,139,139,778,978,64,125,125
753,991,0,139,139,788,1013,0,143,143,751,1021,64,104,104
681,1008,0,93,93,718,1038,0,121,121,677,1053,64,34,34
718,1038,0,121,121,681,1008,0,93,93,720,992,64,153,153
1423,1055,0,166,166,1436,1008,0,118,118,1464,1034,64,120,120
1436,1008,0,118,118,1423,1055,0,166,166,1389,1036,64,129,129
1353,1019,0,96,96,1382,976,0,146,146,1389,1036,64,129,129
751,741,0,176,176,755,771,0,162,162,732,761,64,157,157
755,771,0,162,162,751,741,0,176,176,778,746,64,182,182
753,830,0,181,181,725,849,0,163,163,730,819,64,178,178
264,1076,0,75,75,303,1061,0,79,79,284,1092,64,104,104
303,1061,0,79,79,264,1076,0,75,75,294,1040,64,46,46
255,1042,0,47,47,243,1006,0,38,38,271,1013,64,44,44
1848,716,0,207,207,1833,633,0,138,138,1858,453,64,112,112
1833,633,0,138,138,1848,716,0,207,207,1824,675,64,200,200
1833,633,0,138,138,1796,596,0,194,194,1824,558,64,194,194
1513,152,0,128,128,1641,216,0,132,132,1526,243,64,36,36
126,297,0,67,67,106,275,0,67,67,152,279,64,57,57
137,341,0,80,80,152,315,0,68,68,164,343,64,76,76
152,315,0,68,68,137,341,0,80,80,121,318,64,75,75
753,830,0,181,181,781,795,0,107,107,785,837,64,163,163
781,795,0,107,107,753,830,0,181,181,750,800,64,182,182
847,794,0,163,163,823,759,0,142,142,866,759,64,128,128
823,759,0,142,142,847,794,0,163,163,816,810,64,162,162
1250,528,0,192,192,1284,553,0,181,181,1249,551,64,200,200
1196,508,0,206,206,1215,483,0,203,203,1221,517,64,187,187
1249,497,0,169,169,1221,517,0,187,187,1215,483,64,203,203
213,119,0,41,41,370,103,0,39,39,274,117,64,34,34
331,135,0,33,33,274,117,0,34,34,370,103,64,39,39
213,119,0,41,41,274,117,0,34,34,224,135,64,28,28
262,367,0,63,63,306,364,0,62,62,290,385,64,62,62
306,364,0,62,62,262,367,0,63,63,272,342,64,70,70
164,343,0,76,76,191,359,0,73,73,154,368,64,69,69
191,359,0,73,73,164,343,0,76,76,192,333,64,67,67
1627,74,0,209,209,1579,46,0,173,173,1654,82,64,227,227
1824,675,0,200,200,1848,716,0,207,207,1807,715,64,204,204
1858,453,0,112,112,1831,333,0,226,226,1836,292,64,223,223
1831,333,0,226,226,1858,453,0,112,112,1832,385,64,182,182
284,1092,0,104,104,303,1061,0,79,79,310,1076,64,87,87
248,1138,0,127,127,263,1106,0,99,99,281,1124,64,127,127
1207,140,0,210,210,1188,108,0,170,170,1228,107,64,187,187
1169,131,0,201,201,1155,94,0,238,238,1188,108,64,170,170
1155,94,0,238,238,1169,131,0,201,201,1131,112,64,178,178
1273,97,0,215,215,1317,85,0,229,229,1305,120,64,138,138
176,120,0,35,35,158,148,0,28,28,142,140,64,29,29
160,177,0,33,33,188,148,0,27,27,196,177,64,35,35
188,148,0,27,27,160,177,0,33,33,158,148,64,28,28
1331,537,0,149,149,1286,511,0,172,172,1327,486,64,89,89
1249,497,0,169,169,1286,511,0,172,172,1250,528,64,192,192
1286,511,0,172,172,1249,497,0,169,169,1277,471,64,147,147
1277,471,0,147,147,1327,486,0,89,89,1286,511,64,172,172
774,210,0,160,160,778,236,0,138,138,750,231,64,98,98
778,236,0,138,138,774,210,0,160,160,802,229,64,75,75
569,215,0,23,23,747,186,0,122,122,750,231,64,98,98
1570,1099,0,209,209,1545,1084,0,154,154,1595,1094,64,162,162
1545,1084,0,154,154,1511,1068,0,154,154,1494,1011,64,207,207
1494,1011,0,207,207,1595,1094,0,162,162,1545,1084,64,154,154
1164,521,0,152,152,1134,520,0,221,221,1151,498,64,209,209
1134,520,0,221,221,1164,521,0,152,152,1139,546,64,212,212
1164,521,0,152,152,1196,508,0,206,206,1194,533,64,207,207
1123,586,0,124,124,1139,546,0,212,212,1163,574,64,176,176
1613,834,0,175,175,1601,794,0,150,150,1643,796,64,184,184
1674,825,0,185,185,1704,848,0,235,235,1672,863,64,146,146
725,735,0,139,139,712,772,0,162,162,654,647,64,8,8
712,772,0,162,162,725,735,0,139,139,732,761,64,157,157
751,741,0,176,176,770,719,0,178,178,778,746,64,182,182
730,819,0,178,178,725,849,0,163,163,708,817,64,157,157
499,352,0,60,60,572,341,0,14,14,522,398,64,40,40
432,452,0,7,7,565,533,0,8,8,467,575,64,7,7
565,533,0,8,8,432,452,0,7,7,522,398,64,40,40
522,306,0,46,46,499,352,0,60,60,484,319,64,57,57
1183,1069,0,138,138,1161,957,0,178,178,1235,1046,64,162,162
1161,957,0,178,178,1183,1069,0,138,138,1089,1003,64,18,18
855,837,0,150,150,883,804,0,181,181,889,840,64,162,162
883,804,0,181,181,855,837,0,150,150,847,794,64,163,163
1719,424,0,173,173,1676,432,0,99,99,1697,396,64,220,220
1676,432,0,99,99,1659,477,0,162,162,1621,452,64,191,191
1494,548,0,112,112,1454,548,0,184,184,1479,516,64,172,172
1454,548,0,184,184,1494,548,0,112,112,1522,614,64,162,162
1567,582,0,46,46,1522,614,0,162,162,1494,548,64,112,112
1427,767,0,103,103,1522,614,0,162,162,1498,753,64,146,146
207,1106,0,71,71,220,1130,0,98,98,194,1127,64,88,88
220,1130,0,98,98,207,1106,0,71,71,237,1105,64,82,82
237,1105,0,82,82,264,1076,0,75,75,263,1106,64,99,99
790,1045,0,118,118,755,1051,0,132,132,751,1021,64,104,104
718,1038,0,121,121,720,992,0,153,153,751,1021,64,104,104
855,837,0,150,150,816,810,0,162,162,847,794,64,163,163
816,810,0,162,162,855,837,0,150,150,818,850,64,157,157
866,759,0,128,128,889,721,0,95,95,906,748,64,170,170
807,505,0,124,124,763,496,0,77,77,790,464,64,109,109
757,554,0,59,59,757,610,0,100,100,654,647,64,8,8
726,493,0,46,46,654,647,0,8,8,565,533,64,8,8
1398,144,0,149,149,1366,134,0,230,230,1395,107,64,206,206
1366,134,0,230,230,1398,144,0,149,149,1367,166,64,230,230
1327,185,0,191,191,1367,166,0,230,230,1366,196,64,235,235
156,1090,0,33,33,179,1111,0,72,72,159,1119,64,56,56
179,1111,0,72,72,156,1090,0,33,33,190,1068,64,31,31
207,1106,0,71,71,194,1127,0,88,88,179,1111,64,72,72
843,932,0,128,128,803,914,0,136,136,840,886,64,149,149
803,914,0,136,136,843,932,0,128,128,813,944,64,165,165
115,365,0,75,75,154,368,0,69,69,122,398,64,35,35
188,387,0,67,67,247,395,0,53,53,218,491,64,6,6
1322,1006,0,167,167,1322,1048,0,120,120,1288,1045,64,117,117
1326,1085,0,178,178,1298,1070,0,78,78,1322,1048,64,120,120
132,776,0,6,6,228,755,0,6,6,197,836,64,6,6
228,755,0,6,6,132,776,0,6,6,146,710,64,7,7
302,710,0,7,7,228,755,0,6,6,222,663,64,8,8
197,836,0,6,6,138,906,0,6,6,132,776,64,6,6
138,906,0,6,6,197,836,0,6,6,220,904,64,7,7
1261,412,0,116,116,1269,364,0,147,147,1295,373,64,143,143
1233,371,0,156,156,1219,445,0,140,140,1192,443,64,201,201
344,913,0,27,27,420,937,0,38,38,371,956,64,35,35
344,913,0,27,27,285,937,0,42,42,283,830,64,6,6
426,176,0,43,43,358,184,0,68,68,384,146,64,39,39
358,184,0,68,68,426,176,0,43,43,367,221,64,70,70
371,285,0,43,43,408,253,0,29,29,422,306,64,32,32
341,208,0,76,76,338,236,0,71,71,317,218,64,67,67
1800,460,0,90,90,1811,511,0,167,167,1755,495,64,152,152
1825,414,0,192,192,1787,388,0,146,146,1832,385,64,182,182
280,221,0,67,67,243,231,0,73,73,239,209,64,45,45
243,231,0,73,73,280,221,0,67,67,260,247,64,73,73
315,1139,0,75,75,354,1119,0,67,67,381,1135,64,82,82
1221,517,0,187,187,1221,550,0,212,212,1194,533,64,207,207
1256,577,0,167,167,1221,550,0,212,212,1249,551,64,200,200
1221,550,0,212,212,1191,558,0,187,187,1194,533,64,207,207
928,917,0,201,201,949,970,0,203,203,915,953,64,192,192
949,970,0,203,203,928,917,0,201,201,998,931,64,73,73
1040,956,0,23,23,1089,1003,0,18,18,1010,983,64,91,91
1089,1003,0,18,18,1040,956,0,23,23,1108,950,64,59,59
998,931,0,73,73,1040,956,0,23,23,1010,983,64,91,91
1040,956,0,23,23,998,931,0,73,73,1046,910,64,159,159
759,906,0,132,132,803,914,0,136,136,779,942,64,135,135
872,1034,0,212,212,830,1037,0,197,197,852,1006,64,184,184
830,1037,0,197,197,790,1045,0,118,118,788,1013,64,143,143
852,1006,0,184,184,830,1037,0,197,197,815,999,64,133,133
1092,549,0,140,140,1134,520,0,221,221,1139,546,64,212,212
1134,520,0,221,221,1092,549,0,140,140,1129,495,64,200,200
1288,1045,0,117,117,1322,1048,0,120,120,1298,1070,64,78,78
824,627,0,104,104,823,566,0,60,60,864,631,64,139,139
732,761,0,157,157,725,735,0,139,139,751,741,64,176,176
552,1047,0,59,59,606,1040,0,69,69,565,1079,64,94,94
606,1040,0,69,69,552,1047,0,59,59,554,1004,64,50,50
565,1079,0,94,94,606,1040,0,69,69,594,1099,64,50,50
966,1046,0,189,189,940,1012,0,176,176,976,1010,64,156,156
915,953,0,192,192,949,970,0,203,203,913,987,64,227,227
841,1109,0,172,172,814,1077,0,142,142,841,1078,64,175,175
814,1077,0,142,142,841,1109,0,172,172,800,1107,64,129,129
1163,574,0,176,176,1172,631,0,80,80,1123,586,64,124,124
1172,631,0,80,80,1163,574,0,176,176,1203,585,64,138,138
1310,1141,0,197,197,1282,1123,0,179,179,1310,1112,64,209,209
1282,1123,0,179,179,1310,1141,0,197,197,1255,1130,64,179,179
1390,1113,0,192,192,1421,1089,0,184,184,1422,1113,64,184,184
1390,1113,0,192,192,1422,1113,0,184,184,1423,1133,64,212,212
1196,508,0,206,206,1221,517,0,187,187,1194,533,64,207,207
804,169,0,179,179,776,180,0,160,160,778,154,64,185,185
203,208,0,49,49,175,235,0,63,63,175,202,64,38,38
220,287,0,51,51,197,263,0,61,61,230,256,64,69,69
149,1050,0,39,39,138,906,0,6,6,179,973,64,6,6
420,937,0,38,38,482,932,0,59,59,457,949,64,53,53
583,832,0,6,6,528,695,0,6,6,654,647,64,8,8
528,695,0,6,6,583,832,0,6,6,454,819,64,8,8
1345,110,0,217,217,1305,120,0,138,138,1317,85,64,229,229
1305,120,0,138,138,1254,141,0,230,230,1273,97,64,215,215
1329,50,0,233,233,1317,85,0,229,229,1291,58,64,210,210
1756,1104,0,210,210,1767,1128,0,191,191,1744,1124,64,221,221
1313,431,0,68,68,1295,373,0,143,143,1356,411,64,129,129
1295,373,0,143,143,1313,431,0,68,68,1261,412,64,116,116
1277,471,0,147,147,1249,497,0,169,169,1243,461,64,173,173
1729,735,0,129,129,1699,689,0,122,122,1748,668,64,90,90
1637,711,0,25,25,1640,766,0,101,101,1591,758,64,125,125
1640,766,0,101,101,1637,711,0,25,25,1673,731,64,114,114
1699,689,0,122,122,1727,635,0,89,89,1748,668,64,90,90
1727,635,0,89,89,1699,689,0,122,122,1662,638,64,135,135
1628,413,0,207,207,1676,432,0,99,99,1621,452,64,191,191
1579,436,0,142,142,1512,391,0,191,191,1596,398,64,185,185
1512,391,0,191,191,1579,436,0,142,142,1502,437,64,162,162
1601,317,0,82,82,1628,413,0,207,207,1596,398,64,185,185
712,772,0,162,162,732,761,0,157,157,727,790,64,153,153
708,817,0,157,157,727,790,0,153,153,730,819,64,178,178
727,790,0,153,153,708,817,0,157,157,712,772,64,162,162
188,387,0,67,67,122,398,0,35,35,154,368,64,69,69
818,850,0,157,157,785,837,0,163,163,816,810,64,162,162
785,837,0,163,163,781,795,0,107,107,816,810,64,162,162
446,353,0,42,42,484,319,0,57,57,499,352,64,60,60
484,319,0,57,57,446,353,0,42,42,422,306,64,32,32
152,315,0,68,68,121,318,0,75,75,126,297,64,67,67
832,155,0,197,197,804,169,0,179,179,804,142,64,198,198
1824,675,0,200,200,1807,715,0,204,204,1781,687,64,206,206
720,992,0,153,153,741,953,0,153,153,753,991,64,139,139
741,953,0,153,153,759,906,0,132,132,779,942,64,135,135
1769,870,0,89,89,1804,1082,0,167,167,1796,1073,64,215,215
1434,132,0,224,224,1473,111,0,229,229,1471,151,64,200,200
1473,111,0,229,229,1434,132,0,224,224,1438,95,64,238,238
197,263,0,61,61,152,279,0,57,57,175,235,64,63,63
126,297,0,67,67,152,279,0,57,57,152,315,64,68,68
224,135,0,28,28,196,177,0,35,35,188,148,64,27,27
196,177,0,35,35,224,135,0,28,28,232,177,64,38,38
901,124,0,129,129,932,163,0,149,149,890,156,64,179,179
932,163,0,149,149,901,124,0,129,129,958,115,64,139,139
862,139,0,179,179,901,124,0,129,129,890,156,64,179,179
1783,99,0,197,197,1764,175,0,82,82,1742,142,64,56,56
1090,896,0,99,99,1046,910,0,159,159,1029,871,64,9,9
1046,910,0,159,159,998,931,0,73,73,1029,871,64,9,9
747,186,0,122,122,774,210,0,160,160,750,231,64,98,98
764,261,0,84,84,750,231,0,98,98,778,236,64,138,138
750,231,0,98,98,764,261,0,84,84,747,278,64,59,59
1569,515,0,90,90,1621,452,0,191,191,1659,477,64,162,162
1273,97,0,215,215,1228,107,0,187,187,1253,67,64,238,238
1228,107,0,187,187,1273,97,0,215,215,1254,141,64,230,230
1227,1125,0,173,173,1255,1130,0,179,179,1223,1133,64,160,160
1255,1130,0,179,179,1227,1125,0,173,173,1231,1104,64,191,191
1221,550,0,212,212,1250,528,0,192,192,1249,551,64,200,200
1069,229,0,215,215,1014,246,0,189,189,1023,192,64,118,118
1014,246,0,189,189,1069,229,0,215,215,1050,277,64,238,238
1014,246,0,189,189,984,271,0,72,72,975,225,64,184,184
984,271,0,72,72,1014,246,0,189,189,1050,277,64,238,238
248,1138,0,127,127,207,1145,0,127,127,220,1130,64,98,98
315,1139,0,75,75,248,1138,0,127,127,281,1124,64,127,127
569,215,0,23,23,750,231,0,98,98,747,278,64,59,59
1129,495,0,200,200,1092,549,0,140,140,1002,371,64,37,37
310,1076,0,87,87,306,1103,0,100,100,284,1092,64,104,104
306,1103,0,100,100,315,1139,0,75,75,281,1124,64,127,127
230,256,0,69,69,255,274,0,61,61,220,287,64,51,51
1410,423,0,188,188,1512,391,0,191,191,1466,429,64,118,118
1513,152,0,128,128,1526,243,0,36,36,1471,151,64,200,200
1701,592,0,69,69,1727,541,0,122,122,1752,594,64,184,184
1775,547,0,166,166,1755,495,0,152,152,1811,511,64,167,167
1424,517,0,160,160,1385,545,0,185,185,1369,517,64,139,139
1385,545,0,185,185,1424,517,0,160,160,1454,548,64,184,184
1725,173,0,152,152,1742,142,0,56,56,1764,175,64,82,82
1738,807,0,214,214,1704,815,0,221,221,1710,785,64,114,114
1704,1105,0,153,153,1718,1080,0,138,138,1731,1105,64,175,175
1721,879,0,152,152,1796,1073,0,215,215,1718,1080,64,138,138
804,968,0,143,143,778,978,0,125,125,779,942,64,135,135
790,1045,0,118,118,751,1021,0,104,104,788,1013,64,143,143
1400,67,0,194,194,1445,52,0,217,217,1438,95,64,238,238
1395,107,0,206,206,1357,76,0,210,210,1400,67,64,194,194
1364,36,0,232,232,1400,67,0,194,194,1357,76,64,210,210
1796,1073,0,215,215,1804,1082,0,167,167,1798,1083,64,179,179
263,1106,0,99,99,264,1076,0,75,75,284,1092,64,104,104
866,759,0,128,128,883,804,0,181,181,847,794,64,163,163
480,181,0,63,63,426,176,0,43,43,469,138,64,40,40
426,176,0,43,43,480,181,0,63,63,485,219,64,47,47
932,163,0,149,149,899,190,0,192,192,890,156,64,179,179
899,190,0,192,192,932,163,0,149,149,936,206,64,233,233
747,710,0,150,150,771,690,0,142,142,770,719,64,178,178
771,690,0,142,142,747,710,0,150,150,742,679,64,114,114
725,735,0,139,139,742,679,0,114,114,747,710,64,150,150
1811,511,0,167,167,1824,558,0,194,194,1775,547,64,166,166
1858,453,0,112,112,1825,414,0,192,192,1832,385,64,182,182
1825,414,0,192,192,1858,453,0,112,112,1800,460,64,90,90
1188,108,0,170,170,1155,94,0,238,238,1202,90,64,200,200
1101,88,0,195,195,1155,94,0,238,238,1131,112,64,178,178
1155,94,0,238,238,1101,88,0,195,195,1253,67,64,238,238
1228,107,0,187,187,1188,108,0,170,170,1202,90,64,200,200
507,993,0,57,57,527,961,0,53,53,554,1004,64,50,50
702,953,0,150,150,699,886,0,147,147,720,918,64,156,156
699,886,0,147,147,702,953,0,150,150,615,983,64,36,36
606,1040,0,69,69,554,1004,0,50,50,615,983,64,36,36
1183,1069,0,138,138,1235,1046,0,162,162,1227,1073,64,132,132
1161,957,0,178,178,1089,1003,0,18,18,1108,950,64,59,59
730,819,0,178,178,750,800,0,182,182,753,830,64,181,181
750,800,0,182,182,730,819,0,178,178,727,790,64,153,153
1363,841,0,91,91,1320,877,0,18,18,1323,825,64,149,149
1193,890,0,201,201,1215,854,0,133,133,1223,895,64,37,37
1215,854,0,133,133,1214,795,0,31,31,1252,838,64,143,143
351,358,0,58,58,306,364,0,62,62,312,335,64,57,57
887,1006,0,169,169,913,987,0,227,227,908,1022,64,203,203
367,221,0,70,70,341,208,0,76,76,358,184,64,68,68
1719,424,0,173,173,1697,396,0,220,220,1739,389,64,215,215
338,236,0,71,71,327,267,0,56,56,309,241,64,68,68
1731,1105,0,175,175,1722,1128,0,200,200,1704,1105,64,153,153
1722,1128,0,200,200,1731,1105,0,175,175,1744,1124,64,221,221
790,464,0,109,109,763,496,0,77,77,763,449,64,90,90
615,983,0,36,36,554,1004,0,50,50,527,961,64,53,53
1101,88,0,195,195,1131,112,0,178,178,1096,126,64,188,188
1194,533,0,207,207,1167,544,0,203,203,1164,521,64,152,152
1167,544,0,203,203,1194,533,0,207,207,1191,558,64,187,187
804,968,0,143,143,779,942,0,135,135,813,944,64,165,165
1369,517,0,139,139,1331,537,0,149,149,1327,486,64,89,89
1331,537,0,149,149,1369,517,0,139,139,1385,545,64,185,185
789,1125,0,121,121,738,1120,0,94,94,761,1104,64,122,122
239,209,0,45,45,203,208,0,49,49,232,177,64,38,38
203,208,0,49,49,239,209,0,45,45,212,234,64,75,75
243,231,0,73,73,212,234,0,75,75,239,209,64,45,45
212,234,0,75,75,243,231,0,73,73,230,256,64,69,69
1785,1088,0,163,163,1796,1073,0,215,215,1798,1083,64,179,179
866,205,0,184,184,899,190,0,192,192,905,227,64,220,220
862,139,0,179,179,890,156,0,179,179,861,171,64,188,188
1310,1112,0,209,209,1345,1119,0,178,178,1310,1141,64,197,197
1345,1119,0,178,178,1310,1112,0,209,209,1326,1085,64,178,178
725,849,0,163,163,699,886,0,147,147,708,817,64,157,157
823,759,0,142,142,816,810,0,162,162,781,795,64,107,107
1676,791,0,214,214,1710,785,0,114,114,1704,815,64,221,221
1710,785,0,114,114,1676,791,0,214,214,1683,765,64,147,147
1640,766,0,101,101,1601,794,0,150,150,1591,758,64,125,125
1601,794,0,150,150,1640,766,0,101,101,1643,796,64,184,184
708,817,0,157,157,699,886,0,147,147,583,832,64,6,6
1654,82,0,227,227,1579,46,0,173,173,1733,98,64,17,17
1252,838,0,143,143,1323,825,0,149,149,1320,877,64,18,18
344,913,0,27,27,283,830,0,6,6,366,789,64,7,7
283,830,0,6,6,285,937,0,42,42,220,904,64,7,7
1424,517,0,160,160,1369,517,0,139,139,1388,469,64,142,142
1369,1137,0,182,182,1390,1113,0,192,192,1423,1133,64,212,212
830,1037,0,197,197,788,1013,0,143,143,815,999,64,133,133
514,1092,0,72,72,479,1083,0,72,72,511,1061,64,57,57
514,1092,0,72,72,539,1080,0,109,109,540,1116,64,95,95
232,177,0,38,38,203,208,0,49,49,196,177,64,35,35
1560,789,0,35,35,1515,799,0,114,114,1535,748,64,113,113
1515,799,0,114,114,1560,789,0,35,35,1561,821,64,233,233
1552,688,0,25,25,1498,753,0,146,146,1522,614,64,162,162
1498,753,0,146,146,1552,688,0,25,25,1535,748,64,113,113
763,449,0,90,90,752,342,0,94,94,799,426,64,25,25
763,449,0,90,90,763,496,0,77,77,726,493,64,46,46
327,1083,0,96,96,343,1059,0,88,88,355,1084,64,72,72
1345,1119,0,178,178,1326,1085,0,178,178,1362,1092,64,127,127
1322,1048,0,120,120,1359,1063,0,192,192,1326,1085,64,178,178
232,177,0,38,38,277,183,0,42,42,239,209,64,45,45
823,759,0,142,142,781,795,0,107,107,778,746,64,182,182
778,746,0,182,182,781,795,0,107,107,755,771,64,162,162
1552,688,0,25,25,1591,758,0,125,125,1535,748,64,113,113
1591,758,0,125,125,1552,688,0,25,25,1637,711,64,25,25
1522,614,0,162,162,1572,623,0,77,77,1552,688,64,25,25
1528,1142,0,191,191,1542,1117,0,159,159,1577,1123,64,182,182
1528,1142,0,191,191,1478,1132,0,176,176,1507,1122,64,154,154
958,622,0,149,149,932,658,0,124,124,919,629,64,75,75
890,682,0,118,118,919,710,0,184,184,889,721,64,95,95
919,710,0,184,184,890,682,0,118,118,932,658,64,124,124
890,682,0,118,118,919,629,0,75,75,932,658,64,124,124
1662,638,0,135,135,1701,592,0,69,69,1727,635,64,89,89
750,800,0,182,182,755,771,0,162,162,781,795,64,107,107
1535,748,0,113,113,1591,758,0,125,125,1560,789,64,35,35
756,118,0,165,165,756,140,0,189,189,733,146,64,169,169
1767,1128,0,191,191,1722,1128,0,200,200,1744,1124,64,221,221
1676,791,0,214,214,1640,766,0,101,101,1683,765,64,147,147
1640,766,0,101,101,1676,791,0,214,214,1643,796,64,184,184
1783,99,0,197,197,1742,142,0,56,56,1733,98,64,17,17
1733,98,0,17,17,1579,46,0,173,173,1783,99,64,197,197
919,710,0,184,184,906,748,0,170,170,889,721,64,95,95
906,748,0,170,170,919,710,0,184,184,942,741,64,50,50
1235,1046,0,162,162,1266,1070,0,165,165,1227,1073,64,132,132
1183,1069,0,138,138,1227,1073,0,132,132,1211,1087,64,146,146
230,256,0,69,69,197,263,0,61,61,212,234,64,75,75
1326,1085,0,178,178,1359,1063,0,192,192,1362,1092,64,127,127
770,719,0,178,178,771,690,0,142,142,792,708,64,163,163
880,459,0,43,43,914,264,0,212,212,1002,371,64,37,37
1096,126,0,188,188,1131,112,0,178,178,1130,150,64,215,215
1092,180,0,167,167,1042,132,0,72,72,1096,126,64,188,188
1101,88,0,195,195,1096,126,0,188,188,1068,98,64,220,220
1362,1092,0,127,127,1390,1113,0,192,192,1345,1119,64,178,178
1155,94,0,238,238,1253,67,0,238,238,1202,90,64,200,200
1277,471,0,147,147,1261,412,0,116,116,1313,431,64,68,68
798,258,0,111,111,764,261,0,84,84,778,236,64,138,138
764,261,0,84,84,798,258,0,111,111,783,287,64,104,104
802,229,0,75,75,798,258,0,111,111,778,236,64,138,138
798,258,0,111,111,830,258,0,127,127,783,287,64,104,104
1256,577,0,167,167,1249,551,0,200,200,1284,553,64,181,181
1262,189,0,203,203,1207,217,0,227,227,1212,177,64,227,227
1207,217,0,227,227,1168,226,0,210,210,1181,196,64,235,235
271,977,0,42,42,243,1006,0,38,38,236,973,64,41,41
271,977,0,42,42,317,956,0,23,23,307,998,64,41,41
467,1045,0,54,54,511,1061,0,57,57,479,1083,64,72,72
1042,132,0,72,72,990,148,0,132,132,1001,110,64,221,221
220,1040,0,32,32,228,1076,0,44,44,190,1068,64,31,31
228,1076,0,44,44,237,1105,0,82,82,207,1106,64,71,71
1776,739,0,214,214,1781,687,0,206,206,1807,715,64,204,204
932,163,0,149,149,969,189,0,147,147,936,206,64,233,233
908,1022,0,203,203,913,987,0,227,227,940,1012,64,176,176
1643,796,0,184,184,1676,791,0,214,214,1674,825,64,185,185
771,690,0,142,142,742,679,0,114,114,769,661,64,109,109
800,672,0,136,136,769,661,0,109,109,792,633,64,76,76
769,661,0,109,109,800,672,0,136,136,771,690,64,142,142
1502,437,0,162,162,1466,429,0,118,118,1512,391,64,191,191
522,398,0,40,40,432,452,0,7,7,455,385,64,47,47
380,563,0,8,8,432,452,0,7,7,467,575,64,7,7
1683,765,0,147,147,1640,766,0,101,101,1673,731,64,114,114
841,1109,0,172,172,789,1125,0,121,121,800,1107,64,129,129
841,1109,0,172,172,841,1078,0,175,175,868,1090,64,192,192
1202,90,0,200,200,1253,67,0,238,238,1228,107,64,187,187
397,381,0,49,49,422,306,0,32,32,446,353,64,42,42
446,353,0,42,42,499,352,0,60,60,455,385,64,47,47
1710,785,0,114,114,1765,777,0,218,218,1738,807,64,214,214
1389,1036,0,129,129,1382,976,0,146,146,1436,1008,64,118,118
751,1021,0,104,104,720,992,0,153,153,753,991,64,139,139
751,1021,0,104,104,755,1051,0,132,132,718,1038,64,121,121
1494,1011,0,207,207,1464,1034,0,120,120,1436,1008,64,118,118
517,70,0,45,45,786,99,0,145,145,756,118,64,165,165
1228,107,0,187,187,1254,141,0,230,230,1207,140,64,210,210
140,1111,0,39,39,149,1128,0,56,56,143,1132,64,51,51
92,320,0,72,72,121,318,0,75,75,110,339,64,79,79
1191,558,0,187,187,1203,585,0,138,138,1163,574,64,176,176
1601,317,0,82,82,1512,391,0,191,191,1526,243,64,36,36
1512,391,0,191,191,1601,317,0,82,82,1596,398,64,185,185
1637,711,0,25,25,1552,688,0,25,25,1610,657,64,121,121
1422,1113,0,184,184,1449,1113,0,195,195,1423,1133,64,212,212
1096,126,0,188,188,1130,150,0,215,215,1092,180,64,167,167
1139,546,0,212,212,1164,521,0,152,152,1167,544,64,203,203
936,206,0,233,233,905,227,0,220,220,899,190,64,192,192
813,944,0,165,165,779,942,0,135,135,803,914,64,136,136
1320,877,0,18,18,1322,1006,0,167,167,1223,895,64,37,37
455,385,0,47,47,499,352,0,60,60,522,398,64,40,40
513,205,0,76,76,480,181,0,63,63,514,169,64,54,54
271,1013,0,44,44,307,998,0,41,41,294,1040,64,46,46
133,170,0,43,43,158,148,0,28,28,160,177,64,33,33
522,306,0,46,46,484,319,0,57,57,494,279,64,67,67
